11;menuassets.IntroHold
16;assets.gui.Tooltip
18;assets.btdmodule.tutorial.DeadZone1Clip
20;assets.btdmodule.tutorial.DeadZone2Clip
29;assets.btdmodule.tutorial.ArrowSetClip
35;assets.btdmodule.tutorial.DeadZoneTargetClip
37;assets.town.ModalBlockerClip
41;assets.premium.SplodeyDarts
43;assets.premium.DoubleHealth
50;assets.premium.MegaMonkeyEverythingPack
53;assets.premium.DoubleCash
55;assets.premium.DoubleRanga
57;assets.premium.MoreMonkeyMoney
59;assets.premium.Dreadnaught
61;assets.premium.MonkeyMoneyInvestment
66;assets.towers.TribalSpearArm
85;assets.towerPlace.Ace
87;assets.effects.CantPlaceEffect
88;assets.sounds.Place
90;assets.towers.MeerkatHead
101;assets.towers.TribalWaterRipple
103;assets.towers.MeerkatHeadPro
104;assets.towerPlace.AceUnder
106;assets.towers.Meerkat
108;assets.towers.TribalCoconutArm
109;assets.effects.Place
111;assets.towers.MeerkatMound
130;assets.btdmodule.ContestedTerritoryRoundReachedPanelClip
132;assets.projectile.FragShard
139;assets.towers.EnergyBeacon
140;assets.sound.GrapplingHookExtend
151;assets.towers.CannonShipCannonsLeft
167;assets.detailView.SharpShurikens
170;assets.upgrades.TempleoftheMonkeyGod
172;assets.upgrades.LongerCannons
179;assets.towers.BananaInvestmentsAdvisory
207;assets.detailView.SupplyDrop
224;assets.PlayUI.ADS
238;assets.detailView.NinjaMonkey
240;assets.upgrades.SanpFreeze
252;assets.towers.SummonPhoenix
267;assets.towers.BloonBuster
284;assets.PlayUI.SharpDarts
286;assets.detailView.Maelstrom
288;assets.upgrades.PointFiveOh
291;assets.detailView.DartStorm
295;assets.towers.ArtilleryBattery
298;assets.detailView.MIB
303;assets.towers.BladeMaelstrom
306;assets.detailView.MonkeyBank
313;assets.towers.BloonImpact
314;assets.projectile.BladeMaelstrom
329;assets.projectile.MediumExplosion
342;assets.towers.MissileBuster
351;assets.projectile.Laser
353;assets.occupiedSpace.MortarMonkeySpace
362;assets.projectile.BurnyMediumExplosion
380;assets.detailView.BloonLiquefier
393;assets.PlayUI.TripleDarts
416;assets.towers.NevaMissTargeting
420;assets.towers.TackSprayer
423;assets.PlayUI.MonkeyFort
426;assets.detailView.InvestmentAdvisory
440;assets.PlayUI.GlaiveLord
448;assets.upgrades.MIBCallToArms
463;assets.towers.SpikeOPult
473;assets.towers.BananaPlantation
477;assets.towers.MoneyBank
479;assets.PlayUI.WhiteHotTacks
481;assets.upgrades.FasterBarrelSpin
486;assets.ability.ActivatedAbilityTackTower
502;assets.detailView.SnowMonkey
508;assets.upgrades.EnergyBeacon
514;assets.projectile.DissloverShot
516;assets.upgrades.MissileLauncher
524;assets.towers.MonkeyPirates
538;assets.detailView.StickierGlue
540;assets.projectile.Glaive
552;assets.detailView.CrippleMOAB
570;assets.PlayUI.BloonTrap
579;assets.towers.FasterBarrelSpin
582;assets.projectile.SunBeam
597;assets.PlayUI.LaserCannon
610;assets.towers.HydraRocketPods
619;assets.detailView.Whirlwind
621;assets.upgrades.ExtraRange
623;assets.upgrades.Overclock
631;assets.towers.GlaiveLord
649;assets.detailView.Buccaneer
655;assets.towers.TempleOfTheMonkeyGod
657;assets.upgrades.StickierGlue
664;assets.towers.BoomerangThrower
685;assets.projectile.TinyTornado
699;assets.towers.MoabAssassin
703;assets.ability.ActivatedAbilityDartlingGun
710;assets.towers.SuperMonkeyRange
723;assets.detailView.SnapFreeze
726;assets.ability.ActivatedAbilitySuperMonkey
733;assets.towers.SummonWhirlwind
757;assets.PlayUI.SignalFlare
767;assets.PlayUI.SpyPlane
780;assets.PlayUI.Distraction
782;assets.upgrades.MonkeyIntelligenceBureau
785;assets.towers.TackTowerFaster
796;assets.PlayUI.NevaMissAce
798;assets.upgrades.SpikeBalls
810;assets.detailView.PowerfulDarts
812;assets.occupiedSpace.Large
829;assets.detailView.FasterEngineering
838;assets.detailView.FasterSpin
844;assets.towers.FasterWhiteHotSpikes
863;assets.detailView.NinjaDiscipline
864;assets.projectile.SpikeBall
876;assets.towers.FasterMineSpike
880;assets.towers.EvenFasterProduction
883;assets.ability.ActivatedAbilityMonkeyAce
885;assets.projectile.Dart
892;assets.PlayUI.IceShards
905;assets.detailView.PineAppleExpress
907;assets.upgrades.SentryGun
912;assets.towers.RightBack
914;assets.towers.BombTower
916;assets.upgrades.ArtilleryBattery
931;assets.PlayUI.Sprockets
934;assets.upgrades.BladeMaelstrom
936;assets.detailView.JungleDrums
942;assets.PlayUI.BloonImpact
948;assets.detailView.BananaPlantation
951;assets.ability.ActivatedAbilityNinjaMonkey
953;assets.upgrades.DoubleShot
954;assets.towers.LeftBack
955;assets.tower.BuccaneerCannonsRight
959;assets.PlayUI.BiggerBombs
960;assets.PlayUI.JungleDrums
962;assets.upgrades.RazorSharpDarts
973;assets.projectile.WhiteHotSpikes
975;assets.PlayUI.BiggerStacks
985;assets.projectile.BurnyLargeExplosion
986;assets.occupiedSpace.BananaFarmSpace
987;assets.PlayUI.InvestmentAdvisory
991;assets.PlayUI.LongRangeDarts
1008;assets.towers.BloonDissolver
1009;assets.occupiedSpace.Small
1011;assets.upgrades.BloonTrap
1024;assets.detailView.MortarReload
1026;assets.PlayUI.SpikeMineFactory
1032;assets.projectile.MagicBolt
1034;assets.PlayUI.MAOBShredder
1035;assets.PlayUI.SnapFreeze
1046;assets.PlayUI.LargerArea
1048;assets.upgrades.SpikeOPult
1049;assets.detailView.BloonImpact
1054;assets.upgrades.MonkeyFort
1055;assets.PlayUI.BananaPlantation
1060;assets.PlayUI.BombTower
1061;assets.projectile.RoboLaser
1072;assets.detailView.BloonBuster
1089;assets.detailView.CrowsNest
1091;assets.upgrades.DeadlyPrecision
1093;assets.upgrades.MonkeyPirates
1107;assets.detailView.Overclock
1108;assets.ability.ActivatedAbilityMonkeyEngineer
1110;assets.towers.RadarScanner
1116;assets.towers.EngineerOverclock
1120;assets.detailView.MOABMauler
1121;assets.upgrades.RingofFire
1133;assets.PlayUI.MortarAccuracy
1135;assets.upgrades.SharpDarts
1145;assets.towers.RedHotRangs
1147;assets.upgrades.RadarScanner
1160;assets.PlayUI.DepletedPlutonium
1162;assets.upgrades.SemiAutomaticRifle
1170;assets.detailView.RapidFireAce
1180;assets.PlayUI.FasterShootingBuccaneer
1182;assets.PlayUI.TackSprayer
1184;assets.upgrades.FastEngineering
1196;assets.towers.MonkeyGodHead
1198;assets.upgrades.BloonAreaDenialSystem
1201;assets.detailView.RadarScanner
1202;assets.towers.LongerCannonsRight
1207;assets.towers.MonkeyTown
1219;assets.PlayUI.GlueSoak
1261;assest.towers.Blizzard
1263;assets.upgrades.SeekingShuriken
1266;assets.towers.DartLongSharp
1268;assets.ability.ActivatedAbilityGlueGunner
1278;assets.towers.BloonAreaDenialSystem
1287;assets.detailView.Engineer
1289;assets.projectile.Acorn
1298;assests.effects.SuperMonkeyShockwave
1309;assets.towers.CorrosiveGlue
1321;assets.PlayUI.SniperMonkey
1329;assets.towers.HotGlaiveRicochet
1330;assets.detailView.SharpDarts
1332;assets.upgrades.BloonDissolver
1333;assets.PlayUI.BloonBuster
1337;assets.PlayUI.SharperDartsAce
1347;assets.detailView.DartlingGun
1352;assets.projectile.BombCluster
1354;assets.upgrades.BloonLiquefier
1360;assets.towers.WhiteHotMoabShreder
1362;assets.upgrades.BoomerangThrower
1376;assets.detailView.SuperMonkey
1378;assets.upgrades.CorrosiveGlue
1392;assets.PlayUI.Phoenix
1396;assets.detailView.BananaRepublic
1398;assets.upgrades.GlueStriker
1400;assets.PlayUI.BladeShooter
1409;assets.projectile.LaserCannon
1419;assets.detailView.EpicRange
1433;assets.PlayUI.NIN
1434;assets.PlayUI.SnowMonkey
1443;assets.projectile.TerrorShot
1445;assets.detailView.RoadSpikes
1447;assets.upgrades.SharpShurikens
1448;assets.sound.TechnoTerrorAbility
1451;assets.ability.ActivatedAbilityBombTower
1453;assets.upgrades.SignalFlare
1454;assets.PlayUI.SuperMonkey
1456;assets.upgrades.NightVisionGoggles
1458;assets.towers.DartLongerRazor
1471;assets.towers.SemiAutomatic
1472;assets.PlayUI.NinjaMonkey
1475;assets.towers.SharperSpyPlane
1477;assets.upgrades.MonkeyBeacon
1541;assests.effects.IceTowerSnowStorm
1542;assets.towers.CannonShipCannonsRight
1547;assets.towers.Destroyer
1550;assets.projectile.Plasma
1562;assets.PlayUI.Spectre
1571;assets.towers.PermaFreeze
1573;assets.PlayUI.RingOfFire
1578;assets.PlayUI.CallToArms
1579;assets.sound.CrateDropPlaneEntrance
1581;assets.upgrades.Technological
1584;assets.towers.MissileLauncher
1585;assets.detailView.Distraction
1604;assets.detailView.DoomRay
1605;assets.sound.SpikeStorm
1607;assets.detailView.SuperRangeTacks
1618;assets.towers.GlueStickySoak
1635;assets.PlayUI.GrapeShot
1637;assets.PlayUI.BombRange
1638;assets.detailView.ADS
1658;assets.projectile.ApprenticeDisspate
1659;assets.detailView.SignalFlare
1666;assets.towers.WhiteHotSpikeStorm
1680;assets.detailView.RoboMonkey
1682;assets.projectile.Boomerang
1685;assets.towers.FasterBiggerStacks
1686;assets.detailView.NevaMissAce
1690;assests.effects.MonkeyApprenticeFieryRing
1696;assets.tower.HarpoonLeft
1701;assets.towers.IntenseFireball
1703;assets.detailView.FasterProductionSpikes
1705;assets.upgrades.DragonsBreath
1709;assets.towers.MoreBananas
1721;assets.PlayUI.Fireball
1724;assets.detailView.EnergyBeacon
1736;assets.PlayUI.Sabotage
1737;assets.detailView.LongRangeDarts
1753;assets.detailView.SonicBoom
1759;assets.towers.MonkeyTownFort
1761;assets.detailView.MonkeyVillage
1783;assets.detailView.Pirates
1786;assets.ability.ActivatedAbilityMonkeyApprentice
1788;assets.upgrades.TripleDarts
1789;assets.detailView.TackSprayer
1791;assets.PlayUI.TackTower
1794;assets.PlayUI.MonkeyTown
1799;assets.projectile.PineappleBomb
1810;assets.towers.MoabMauler
1813;assets.towers.SharpShuriken
1815;assets.upgrades.DeepFreeze
1817;assets.upgrades.GlaiveRiccochet
1827;assets.detailView.SuperLasers
1831;assets.projectile.IceBurstLarge
1839;assets.detailView.FocusedFiring
1851;assets.PlayUI.Lightning
1852;assets.occupiedSpace.VillageSpace
1860;assets.PlayUI.MortarBiggerBlast
1862;assets.upgrades.FastProduction
1864;assets.upgrades.GlaiveThrower
1865;assets.PlayUI.RadarScanner
1870;assets.towers.AirBase
1911;assets.towers.Bubbles1
1913;assets.PlayUI.SpikeBallFactory
1914;assets.projectile.HotRang
1919;assets.PlayUI.EnhancedVision
1921;assets.towers.TackTowerEvenFaster
1926;assets.PlayUI.ValuableNanas
1931;assets.detailView.FragBombs
1933;assets.projectile.Shuriken
1939;assets.detailView.ArcticWind
1959;assets.PlayUI.BigOne
1962;assets.projectile.Fireball
1964;assets.upgrades.SharperDarts
1969;assets.towers.NightVision
1970;assets.detailView.LargerArea
1974;assets.upgrades.GlaiveLord
1979;assets.towers.MortarTowerAccurate
1983;assets.detailView.MissileLauncher
1996;assets.detailView.FullMetalJacket
1998;assets.upgrades.WhiteHotSpikes
2000;assets.upgrades.FasterShooting
2003;assets.towers.EngineerNineInchNails
2015;assets.detailView.TurboCharge
2017;assets.upgrades.Destroyer
2019;assets.upgrades.SabbotageSupplyLines
2020;assets.sound.BladeMaelstrom
2022;assets.upgrades.PineapplePresent
2033;assets.PlayUI.FastSniper
2039;assets.towers.HotGlaiveThrower
2040;assets.tower.HarpoonRight
2042;assets.upgrades.VeryLongRange
2056;assets.detailView.FlashBombs
2067;assets.projectile.SpikeFactorySpikes
2069;assets.upgrades.SupplyDrop
2070;assets.PlayUI.FasterSpin
2078;assets.detailView.DeadlyPrecision
2080;assets.upgrades.NinjaDiscipline
2082;assets.detailView.SpikeStorm
2084;assets.upgrades.FullMetalJacket
2091;assets.towers.SuperMonkey
2092;assets.sound.SummonPhoenix
2102;assets.detailView.MortarMonkey
2103;assets.towers.PiratesCannonsLeft
2104;assets.detailView.EnhancedVision
2110;assets.towers.SonicBoomMulti
2112;assets.upgrades.RapidFire
2114;assets.upgrades.JungleDrums
2116;assets.upgrades.GrapeShot
2118;assets.PlayUI.MonkeyBeacon
2125;assets.upgrades.PlasmaBlasts
2133;assets.projectile.TerrorBlast
2134;assets.PlayUI.ArcticWind
2152;assets.towers.RayOfDoom
2166;assets.detailView.SeekingShurikens
2181;assets.towers.BuccaneerFastGrape
2186;assets.upgrades.BunchoMonkeys
2190;assets.upgrades.BurnyStuff
2202;assets.PlayUI.CleansingFoam
2203;assets.detailView.CallToArms
2215;assets.towers.ViralForst
2218;assets.upgrades.TheBigOne
2223;assets.detailView.ViralFrost
2230;assets.PlayUI.SuperRange
2241;assets.PlayUI.TechTerror
2242;assets.occupiedSpace.TempleSpace
2256;assets.PlayUI.MonkeySense
2257;assets.detailView.FasterShootingBuccaneer
2259;assets.upgrades.BananaPlantation
2261;assets.towers.EngineerMonkey
2262;assets.PlayUI.Pirates
2265;assets.towers.DepletedBloontoniumDarts
2266;assets.PlayUI.MortarReload
2278;assets.detailView.HotRangas
2280;assets.projectile.SpectreBomb
2288;assets.towers.GlueGunner
2291;assets.towers.NinjaDouble
2295;assests.effects.BoomerangAura
2304;assets.PlayUI.HydraRockets
2315;assets.towers.LaserMonkey
2316;assets.detailView.TechTerror
2318;assets.towers.BombTowerBiggerRange
2319;assets.detailView.SpikeMineFactory
2321;assets.upgrades.MOABShredder
2326;assets.towers.Sniper
2335;assets.towers.BloonLiquifier
2337;assets.upgrades.EvenFaster
2340;assets.towers.BionicGlaiver
2342;assets.upgrades.CrippleMOAB
2354;assets.towers.FireCircle
2357;assets.upgrades.SummonWhirlwind
2358;assets.detailView.BombTower
2362;assets.PlayUI.MonkeyAce
2375;assets.detailView.GlaiveThrower
2376;assets.detailView.RingOfFire
2386;assets.detailView.GlueHoser
2387;assets.PlayUI.EpicRange
2388;assets.PlayUI.FlashBombs
2391;assest.towers.FastFire
2392;assets.detailView.GlueSoak
2409;assets.projectile.GlueSplat
2411;assets.upgrades.NevaMissTargeting
2414;assets.towers.MortarTower
2420;assets.towers.ChinaShopNightVis
2422;assets.upgrades.SpyPlane
2424;assets.towers.JungleDrums
2425;assets.detailView.MonkeySense
2427;assets.upgrades.MonkeyBank
2429;assets.upgrades.OperationDartStorm
2430;assets.detailView.SuperRange
2434;assets.towers.ChinaShop
2435;assets.detailView.MOABShredder
2445;assets.projectile.LargeExplosion
2461;assets.PlayUI.Ricochet
2475;assets.detailView.DragonsBreath
2476;assets.projectile.BurnySlightlyLargerExplosion
2478;assets.towers.BuccaneerGrape
2499;assests.effects.MortarTowerArtillaryRain
2504;assets.PlayUI.SuperPlasma
2531;assets.projectile.Tempest
2532;assets.upgrades.Fireball
2536;assets.towers.Spectre
2537;assets.projectile.IceBurstMedium
2544;assets.PlayUI.DeepFreeze
2551;assets.towers.SunAvatar
2562;assets.detailView.DoubleShurikens
2577;assets.detailView.SunGod
2579;assets.upgrades.BiggerStacks
2582;assets.towers.Bloonjitsu
2583;assets.detailView.MonkeyTown
2585;assets.upgrades.RedHotRangs
2606;assets.projectile.NuclearExplosion
2613;assests.effects.Bombtoweraura
2616;assets.towers.EngineerFoamGunner
2617;assets.detailView.Sprockets
2622;assets.towers.LongerNest
2631;assets.PlayUI.Battery
2632;assets.PlayUI.ViralFrost
2635;assets.ability.ActivatedAbilityBoomerangThrower
2637;assets.upgrades.SpikeMines
2638;assets.PlayUI.CrowsNest
2649;assets.PlayUI.EnhancedFreeze
2651;assets.upgrades.SonicBoom
2656;assets.towers.HeavyDart
2657;assets.sound.AbsoluteZeroIceTower
2660;assests.effects.TackTowerSpiral
2662;assets.upgrades.FasterProduction
2675;assets.detailView.Apprentice
2680;assets.upgrades.SunAvatar
2683;assets.projectile.BigBomb
2684;assets.sound.TurboBoomerang
2687;assests.effects.SniperBeacon
2688;assets.PlayUI.PowerfulDarts
2690;assets.upgrades.BladeShooter
2691;assets.PlayUI.FragBombs
2693;assets.towers.BiggerStacks
2694;assets.PlayUI.TurboCharge
2699;assets.upgrades.AircraftCarrier
2700;assets.detailView.SuperPlasma
2703;assets.PlayUI.BananaFarm
2707;assets.towers.DartSuperCall
2708;assets.detailView.IceShards
2709;assets.PlayUI.SharpShurikens
2710;assets.PlayUI.FasterEngineering
2712;assets.towers.BoomerangMulti
2715;assets.towers.ClusterMissile
2717;assets.towers.ViralFog
2718;assets.detailView.TackTower
2719;assets.PlayUI.EnergyBeacon
2721;assets.upgrades.bananaRepublic
2724;assets.towers.MonkeyIntelligenceBurau
2725;assets.detailView.SharperDartsAce
2726;assets.occupiedSpace.AceSpace
2727;assets.detailView.HydraRockets
2728;assets.projectile.Bananas
2736;assets.PlayUI.BoomerangMonkey
2747;assets.towers.TheBigOne
2748;assets.PlayUI.SpikeStorm
2749;assets.detailView.Spectre
2751;assets.upgrades.MOABMauler
2757;assets.towers.RoboMonkeyRightArm
2771;assets.towers.BananaRepublic
2773;assets.PlayUI.ExtraRangeTacks
2774;assets.detailView.SniperMonkey
2776;assets.upgrades.bananaInvestmentsAdvisory
2777;assets.PlayUI.DoomRay
2779;assets.PlayUI.FasterTack
2785;assets.detailView.NightVision
2793;assets.PlayUI.Juggernaut
2796;assets.towers.BuccaneerFaster
2798;assets.towers.EngineerSprockets
2799;assets.detailView.SpyPlane
2803;assets.towers.BananaFarm
2805;assets.PlayUI.FastProductionSpikes
2807;assets.upgrades.FasterShoot
2808;assets.projectile.IceBurst
2809;assets.sound.MIBCallToArms
2811;assets.upgrades.ArcticWind
2813;assets.upgrades.Permafrost
2815;assets.towers.TempestCloud
2816;assets.detailView.MonkeyBeacon
2825;assets.projectile.Tornado
2827;assets.towers.EngineerLargerArea
2828;assets.detailView.WhiteHotTacks
2829;assets.upgrades.MoreBananas
2830;assets.sound.GlueStrike
2834;assets.towers.ArcticWind
2847;assets.PlayUI.CorrosiveGlue
2853;assets.towers.GlueHose
2864;assets.detailView.GlueStriker
2865;assets.PlayUI.RoboMonkey
2866;assets.detailView.BladeShooter
2883;assets.detailView.CannonShip
2886;assest.towers.Ninja
2890;assets.projectile.Tack
2891;assets.ability.ActivatedAbilityDartMonkey
2892;assets.projectile.FireDissRed
2893;assets.towers.PiratesCannonsRight
2899;assets.towers.RoboMonkeyLeftArm
2908;assets.towers.PlasmaVision
2909;assets.detailView.Phoenix
2914;assets.detailView.PointFiveOh
2921;assets.towers.TechnologicalTerror
2923;assets.towers.TackTower
2926;assets.upgrades.BananaResearchFacility
2937;assets.PlayUI.LongerCannons
2942;assets.towers.EngineerSentry
2944;assets.upgrades.FragBombs
2959;assets.PlayUI.Bloonjitsu
2971;assets.projectile.SpikeFactoryBall
2973;assets.projectile.MOAB
2981;assets.PlayUI.RazorSharpDarts
2984;assets.detailView.MOABAssassin
2985;assets.detailView.BiggerStacks
2986;assets.towers.LongerCannonsLeft
2992;assets.towers.DartlingFocused
2993;assets.detailView.FasterTack
2994;assets.PlayUI.BananaRepublic
2995;assets.PlayUI.SonicBoom
2997;assets.upgrades.CrowsNest
3000;assets.PlayUI.ResearchFacility
1930;assets.detailView.BiggerBombs
3003;assets.towers.MonkeyApprentice
3004;assets.detailView.BombRange
3006;assets.towers.FragBombs
3007;assets.PlayUI.MortarMonkey
3008;assets.detailView.MortarAccuracy
3011;assets.towers.MoabShreder
3018;assets.towers.MineSpike
3026;assets.detailView.LongLifeNanas
3027;assets.projectile.GrapeShot
3028;assets.PlayUI.CannonShip
3031;assests.effects.DartlingGunAura
3032;assets.detailView.LaserCannon
3040;assets.detailView.BionicBoomer
3041;assets.PlayUI.Whirlwind
3044;assests.effects.MonkeyVillagePulse
3046;assets.upgrades.FiringFaster
3048;assets.upgrades.GroundZero
3054;assets.towers.TempestTornado
3058;assets.towers.MonkeyAceRapid
3060;assets.projectile.HydraMissile
3062;assets.upgrades.GlueSplatter
3064;assets.towers.EngineerSentryFeet
3069;assets.towers.ClusterBombs
3073;assets.towers.CrippleMoabNightVis
3075;assets.projectile.Missile
3076;assets.detailView.FastProductionSpikes
3080;assets.towers.SpikeStorm
3082;assets.towers.FasterProduction
3084;assets.towers.NinjaDiscipline
3085;assets.detailView.FastSniper
3086;assets.detailView.FireBall
3104;assets.PlayUI.Destroyer
3106;assets.towers.SonicBoom
3107;assets.PlayUI.MIB
3109;assets.upgrades.Spectre
3111;assets.upgrades.GlueSoak
3112;assets.PlayUI.PineappleExpress
3126;assets.PlayUI.AbsoluteZero
3127;assets.PlayUI.StickierGlue
3139;assets.projectile.RoadSpikes
3140;assets.PlayUI.Apprentice
3141;assets.PlayUI.SuperLasers
3144;assets.ability.ActivatedAbilityIceTower
3146;assets.upgrades.ClusterBombs
3163;assets.projectile.BurnyNuclearExplosion
3165;assets.towers.IceTower
3167;assets.upgrades.Bloonjitsu
3168;assets.detailView.Juggernaut
3180;assets.towers.GlueSplatter
3181;assets.PlayUI.HotRangas
3182;assets.PlayUI.MissileLauncher
3184;assets.upgrades.EnhancedFreeze
3185;assets.PlayUI.BionicBoomer
3196;assets.PlayUI.FanClub
3213;assets.detailView.SentryGun
3214;assets.PlayUI.MOABMauler
3215;assets.PlayUI.GlueHoser
3219;assets.detailView.ClusterBombs
3229;assets.detailView.SemiAuto
3230;assets.detailView.BigOne
3252;assests.effects.GlueGunnerRain
3265;assets.detailView.GlueSplatter
3267;assets.towers.RoboMonkey
3269;assets.towers.WhiteHotTacks
3270;assets.detailView.NIN
3271;assets.upgrades.RapidReload
3272;assets.PlayUI.DartStorm
3273;assets.PlayUI.FocusedFiring
3274;assets.projectile.HotGlaive
3277;assets.towers.Sabotage
3279;assets.towers.Beacon
3283;assets.towers.FasterSpikeBall
3284;assets.detailView.DepletedPlutonium
3291;assets.towers.RingOfFire
3293;assets.upgrades.Juggernaut
3301;assets.tower.TechnoTerrorLeftArm
3302;assets.detailView.Ricochet
3303;assets.PlayUI.DeadlyPrecision
3304;assets.detailView.MonkeyAce
3305;assets.PlayUI.Overclock
3307;assets.upgrades.SpikeStorm
3310;assets.towers.GlueStriker
3313;assets.towers.LightningSense
3328;assets.PlayUI.BloonDissolver
3332;assets.projectile.BananaCrate
3333;assets.projectile.BuccaneerDart
3335;assets.towers.RightFront
3336;assets.projectile.SlightlyLargerExplosion
3337;assets.sound.SuperHeroUpgrade
3345;assets.towers.MonkeyVillage
3362;assets.projectile.ApprenticeBreath
3365;assets.towers.BiggerBlast
3366;assets.detailView.BoomerangMonkey
3368;assets.towers.EngineerBloonTrap
3375;assets.towers.DragonsBreath
3379;assets.projectile.RingOfFire
3381;assets.upgrades.EpicRange
3382;assets.PlayUI.DoubleShurikens
3384;assets.upgrades.BionicBoomer
3385;assets.detailView.SpikeBallFactory
3386;assets.detailView.BloonDissolver
3387;assets.towers.LeftFront
3388;assets.detailView.Bloonjitsu
3391;assets.towers.SeekingShurikens
3394;assets.towers.OperationDartStorm
3397;assets.towers.Flare
3399;assets.detailView.GroundZero
3401;assets.towers.DartMonkey
3403;assets.towers.SnapFreeze
3404;assets.projectile.Nail
3405;assets.PlayUI.DartlingGun
3419;assets.towers.EngineerFoamGun
3420;assets.towers.SnowFlakes
3422;assets.towers.EngineerFastBuild
3424;assets.upgrades.Sprockets
3426;assets.upgrades.Distraction
3428;assets.upgrades.ViralFrost
3429;assets.detailView.ValuableNanas
3432;assets.PlayUI.Temple
3434;assets.projectile.MOABAssassin
3435;assets.PlayUI.PointFiveOh
3436;assets.detailView.ExtraRangeTack
3441;assets.towers.GlaiveRicochet
3442;assets.detailView.BloonTrap
3443;assets.detailView.MortarBiggerBlast
3449;assets.upgrades.AbsoluteZero
3454;assets.detailView.Carrier
3461;assets.PlayUI.IntenseMagic
3462;assets.detailView.AbsoluteZero
3477;assets.towers.IceShards
3480;assets.towers.SupplyDrop
3481;assets.PlayUI.DragonsBreath
3483;assets.upgrades.BloonImpact
3485;assets.detailView.Pineapple
3487;assets.upgrades.HydraRocketPods
3490;assets.ability.ActivatedAbilityMonkeyBuccaneer
3491;assets.detailView.FanClub
3492;assets.detailView.DeepFreeze
3493;assets.PlayUI.ClusterBombs
3495;assets.upgrades.CannonShip
3496;assets.PlayUI.CrippleMOAB
3497;assets.sound.MoabAssassinMissile
3500;assets.towers.TurboCharge
3501;assets.occupiedSpace.Medium
3506;assests.effects.SpikeFactoryAura
3508;assets.upgrades.MonkeySense
3510;assets.towers.SpikeBall
3511;assets.PlayUI.RapidFireAce
3512;assets.projectile.RoboDart
3514;assets.upgrades.FocusedFiring
3520;assets.detailView.Permafrost
3521;assets.detailView.Battery
3523;assets.towers.CannonShip
3527;assets.towers.LaserCannon
3528;assets.PlayUI.NightVision
3529;assets.PlayUI.MonkeyVillage
3530;assets.detailView.GlaiveLord
3532;assets.towers.BionicBoomer
3543;assets.detailView.SpikeOPult
3544;assets.PlayUI.LongLifeNanas
3553;assets.towers.AircraftCarrier
3557;assets.upgrades.laserBlasts
3558;assets.detailView.MonkeyFort
3562;assets.upgrades.CleansingFoam
3564;assets.PlayUI.EvenFasterTack
3566;assets.upgrades.SuperRangeSM
3571;assets.towers.GlaiveThrower
3573;assets.upgrades.DepletedBloontoniumDarts
3574;assets.PlayUI.GlueSplatter
3579;assets.upgrades.TempestTornado
3580;assets.detailView.Lightning
3581;assets.detailView.BananaFarm
3587;assets.towers.HotGlaiveLord
3589;assets.upgrades.MOABAssassin
3591;assets.towers.EngineerSentryBuilder
3593;assets.towers.Distraction
3596;assets.towers.CrippleMoab
3597;assets.detailView.EvenFasterTack
3609;assets.detailView.Tempest
3610;assets.PlayUI.Buccaneer
3612;assets.ability.ActivatedAbilitySpikeFactory
3620;assets.towers.AbsoluteZero
3623;assets.PlayUI.MoreBananas
3625;assets.PlayUI.Sentry
3627;assets.upgrades.IncreasedAccuracy
3628;assets.PlayUI.MOABAssassin
3630;assets.towers.DartlingGun
3631;assets.upgrades.MonkeyTown
3636;assets.PlayUI.GlueMonkey
3637;assets.PlayUI.GroundZero
3638;assets.towers.AntennaBase
3639;assets.detailView.Sabotage
3640;assets.detailView.LongerCannons
3641;assets.PlayUI.Engineer
3652;assets.towers.MonkeyAce
3654;assets.upgrades.PowerfulDarts
3655;assets.PlayUI.GlueStriker
3656;assets.PlayUI.SpikeOPult
3657;assets.towers.EngineerNailGun
3666;assets.detailView.MultiBoomerang
3667;assets.PlayUI.MonkeyBank
3669;assets.upgrades.ValuableBananas2
3670;assets.detailView.ResearchFacility
3671;assets.PlayUI.SeekingShurikens
3674;assets.towers.BladeShooter
3675;assets.PlayUI.FullMetalJacket
3676;assets.PlayUI.NinjaDiscipline
3678;assets.upgrades.FlashBomb
3702;assests.effects.MonkeyAceNuclearBlast
3704;assets.PlayUI.SpikeFactory
3706;assets.towers.EnergyBeaconRadar
3708;assets.towers.SpikeFactory
3710;assets.upgrades.SuperRange
3711;assets.detailView.SpikeFactory
3720;assets.PlayUI.BurnyStuff
3721;assets.towers.MonkeyFort
3722;assets.PlayUI.MultiBoomerang
3723;assets.detailView.CleansingFoam
3725;assets.projectile.BlobYellow
3728;assets.ability.ActivatedAbilityMonkeyVillage
3730;assets.towers.TurboGlaiver
3731;assets.detailView.Temple
3734;assets.towers.TripleShot
3757;assets.projectile.SpikeMineBall
3759;assets.ability.ActivatedAbilityMortarTower
3760;assets.detailView.CorrosiveGlue
3761;assets.PlayUI.FasterProductionSpikes
3762;assets.PlayUI.GlaiveThrower
3763;assets.PlayUI.BloonLiquefier
3764;assets.PlayUI.Maelstrom
3765;assets.detailView.EnhancedFreeze
3766;assets.detailView.IntenseMagic
3767;assets.detailView.Destroyer
3768;assets.PlayUI.SemiAuto
3770;assets.towers.FlashBomb
3782;assets.detailView.DartMonkey
3783;assets.PlayUI.SuperRangeTacks
3786;assets.ability.ActivatedAbilitySniperMonkey
3787;assets.PlayUI.SupplyDrop
3789;assets.upgrades.BloonBuster
3790;assets.projectile.Bomb
3796;assets.towers.SniperSupply
3798;assets.upgrades.LargerServiceArea
3800;assets.towers.MonkeyBuccaneer
3802;assets.upgrades.LongLifeBananas
3806;assets.upgrades.IntenseMagic
3808;assets.upgrades.LongRangeDarts
3809;assets.PlayUI.SentryGun
3810;assets.detailView.RazorSharpDarts
3812;assets.upgrades.GlueHose
3814;assets.upgrades.NineInchNails
3816;assets.upgrades.IceShards
3818;assets.projectile.FlashBomb
3821;assets.towers.Notes
3822;assets.tower.BuccaneerCannonsLeft
3829;assets.upgrades.RoboMonkey
3830;assets.upgrades.BiggerBlast
3834;assets.upgrades.PlasmaCannon
3836;assets.upgrades.TackSprayer
3837;assets.PlayUI.Carrier
3839;assets.upgrades.TurboCharge
3840;assets.detailView.GlueMonkey
3845;assets.projectile.GlueShot
3850;assets.towers.HighCalNightVis
3861;assets.towers.Juggernaut
3862;assets.PlayUI.DartMonkey
3863;assets.PlayUI.SunGod
3870;assets.projectile.IntenseMagic
3871;assets.PlayUI.PermaFrost
3874;assets.upgrades.LightningBolt
3877;assets.upgrades.RayofDoom
3878;assets.detailView.MoreBananas
3879;assets.PlayUI.Tempest
3888;assets.projectile.LargeSpikeBall
3889;assets.detailView.BurnyStuff
3907;assets.towers.BananaResearchFacility
3913;assets.towers.SonicGlaiveThrower
3915;assets.upgrades.BiggerBombs
3916;assets.detailView.TripleDarts
3919;assets.tower.HighCal
3921;assets.upgrades.BombTowerExtraRange
3922;assets.tower.TechnoTerrorRightArm
3923;assets.detailView.GrapeShot
3925;assets.upgrades.SummonPhoenix
3932;assets.btdmodule.NotEnoughBloonstonesPanelClip
3943;assets.towerBtns.SuperTower
3947;assets.towerBtns.SpikeFactory
3950;assets.towerBtns.RoadSpikes
3958;assets.towerBtns.GlueTower
3961;assets.towerBtns.Pineapple
3972;assets.towerBtns.AceTower
3978;assets.towerBtns.Engineer
3983;assets.towerBtns.SniperMonkey
3991;assets.towerBtns.IceTower
3995;assets.towerBtns.BoomerangTower
4000;assets.towerBtns.FarmTower
4003;assets.towerBtns.DartTower
4009;assets.towerBtns.WizardTower
4015;assets.towerBtns.MortarTower
4021;assets.towerBtns.BuccaneerTower
4029;assets.towerBtns.DartlingTower
4033;assets.towerBtns.TackTower
4040;assets.towerBtns.VillageTower
4043;assets.towerBtns.NinjaMonkey
4046;assets.towerBtns.BombTower
4048;assets.sandbox.Sandbox_RegenCeramic
4050;assets.sandbox.Sandbox_CamoRegenIce
4052;assets.sandbox.Sandbox_CamoIce
4054;assets.sandbox.Sandbox_CamoBlack
4056;assets.sandbox.Sandbox_CamoRegenRed
4058;assets.sandbox.Sandbox_CamoRed
4060;assets.sandbox.Sandbox_Green
4062;assets.sandbox.Sandbox_RegenBlue
4066;assets.sandbox.Sandbox_CamoRainbow
4068;assets.sandbox.Sandbox_RegenPink
4070;assets.sandbox.Sandbox_RegenRainbow
4072;assets.sandbox.Sandbox_RegenLead
4074;assets.sandbox.Sandbox_Zebra
4076;assets.sandbox.Sandbox_Yellow
4078;assets.sandbox.Sandbox_Lead
4080;assets.sandbox.Sandbox_RegenZebra
4090;assets.sandbox.Sandbox_BFB
4092;assets.sandbox.Sandbox_RegenGreen
4094;assets.sandbox.Sandbox_CamoRegenYellow
4096;assets.sandbox.Sandbox_CamoYellow
4099;assets.sandbox.Sandbox_Rainbow
4101;assets.sandbox.Sandbox_CamoRegenBlue
4103;assets.sandbox.Sandbox_CamoRegenBlack
4105;assets.sandbox.Sandbox_CamoRegenRainbow
4107;assets.sandbox.Sandbox_Blue
4109;assets.sandbox.Sandbox_CamoRegenLead
4111;assets.sandbox.Sandbox_CamoCeramic
4113;assets.sandbox.Sandbox_CamoZebra
4115;assets.sandbox.Sandbox_Red
4117;assets.sandbox.Sandbox_CamoGreen
4119;assets.sandbox.Sandbox_OMFG
4121;assets.sandbox.Sandbox_CamoPink
4123;assets.sandbox.Sandbox_CamoBlue
4125;assets.sandbox.Sandbox_Ice
4127;assets.sandbox.Sandbox_RegenIce
4129;assets.sandbox.Sandbox_RegenRed
4131;assets.sandbox.Sandbox_CamoRegenPink
4133;assets.sandbox.Sandbox_Pink
4135;assets.sandbox.Sandbox_Ceramic
4137;assets.sandbox.Sandbox_MOAB
4139;assets.sandbox.Sandbox_CamoRegenZebra
4141;assets.sandbox.Sandbox_CamoRegenCeramic
4143;assets.sandbox.Sandbox_CamoRegenGreen
4145;assets.sandbox.Sandbox_CamoLead
4147;assets.sandbox.Sandbox_Black
4149;assets.sandbox.Sandbox_RegenYellow
4151;assets.sandbox.Sandbox_RegenBlack
4159;assets.btdmodule.ContestedTerritoryBriefingPanelClip
4187;assest.towers.BloonsDayDevicePro
4209;assest.towers.BloonsDayDevice
4213;assets.module.CoolDownTimerClip
4217;assets.btdmodule.tutoria.OKButtonClip
4220;assets.btdmodule.tutoria.NextButtonClip
4262;assets.btdmodule.tutoria.TutorialPanelClip
4482;assets.gui.InGameUI
4483;assets.effects.SelectedEffect
4454;assets.gui.GoButtonClip
4484;assets.effects.Select
4486;assets.gui.MinusBloonstones
4491;assets.btdmodule.LoadingClip
46;assets.premium.BiggerBeacons
48;assets.premium.GrilledPineapples
123;assets.btdmodule.continueButton2
4492;assets.sound.MoabDestroyedMed
4493;assets.sound.FrozenBloonHit
4494;assets.sound.MoabDestroyedBig
4495;assets.sound.MoabDestroyedShort
4497;assets.projectile.IceShard
4498;assets.sound.MetalBloonHit
4499;assets.sound.MoabDamage3
4500;assets.sound.MoabDamage2
4501;assets.sound.MoabDamage1
4502;assets.sound.CeramicBloonHit
4503;assets.sounds.Pop2
4504;assets.sounds.Pop3
4505;assets.sounds.Pop4
4506;assets.sounds.Pop1
4514;assets.towers.DarkTempleOfTheMonkeyGod
4545;assests.effects.MonkeyGodDark
4549;assets.upgrades.DarkSunAvatar
4564;assets.projectile.SunBallDark
4567;assets.upgrades.DarkTempleoftheMonkeyGod
4580;assets.towers.DarkMonkeyGodHead
4586;assests.effects.UpEffect
4637;assets.BloonariusEntrance
4672;assets.BloonariusDeath
4673;assets.sounds.BloonariusEntranceSound
4674;assets.sounds.BloonariusDeathSound
4675;assets.sounds.Sell
4677;assets.gui.PopCash
4684;assets.cursor.Wrench
4278;assets.btdmodule.tutorial.ArrowEnterance
344;assets.projectile.Laser4
346;assets.projectile.Laser3
348;assets.projectile.Laser2
350;assets.projectile.Laser1
4685;assets.towers.EngineerSentryDeathFeet
4701;assets.towers.EngineerSentryDeath
4706;assets.projectile.GrilledPineappleBomb
4721;assets.towers.EngineerSentryBuild
1402;assets.projectile.LaserShot4
1404;assets.projectile.LaserShot3
1408;assets.projectile.LaserShot1
1406;assest.projectile.LaserShot2
1442;assets.projectile.Terror1
1440;assets.projectile.Terror2
1438;assets.projectile.Terror3
1436;assets.projectile.Terror4
4727;assests.effects.DartMonkeyLightningblast
4732;assests.effects.DartMonkeyFullScreen
4733;assets.sound.TempleSacrifice
4738;assets.projectile.TempleMissile
4740;assets.projectile.Blade
4751;assets.projectile.IceBolt
4768;assests.effects.MonkeyGod
4777;assets.projectile.IceExplosion
4779;assets.projectile.SunBall
4780;assets.projectile.IceExplosionMedium
4790;assets.projectile.GodGlueSplat
4810;assets.projectile.IceExplosionLarge
4815;assets.projectile.GodGlueShot
4816;assets.sound.GlueSplatter
4817;assets.sounds.ExplosionMedium
4833;assets.projectile.CorrosiveSplat
4834;assets.sounds.ExplosionSmall
4835;assets.sounds.ExplosionHuge
4836;assets.sounds.ExplosionBig
4837;assets.projectile.SmallExplosion
4844;assets.projectile.DoomShot
3560;assets.bloons.Red
4845;assets.sound.IceExplode
4846;assets.EmptyEntranceEffectClip
4847;assets.sounds.VortexSpawn
4850;assets.ability.ActivatedAbilityPhaseCrystal
4873;assests.effects.PhaseCrystalEffect
4876;assets.PlayUI.StickySapFlowerClip
4877;assets.ability.ActivatedAbilityStickySapFlower
4897;assets.towers.stickySapFlowerExplode
4906;assets.bloons.BlastapopoulosEntranceAnimationClip
4907;assets.sounds.DreadBloonSpawn
4908;assets.sounds.BossDeath
4911;assets.PlayUI.Whirlpool
4912;assets.ability.ActivatedAbilityWhirpool
4913;assets.sounds.Select
4914;assets.sounds.NonSelect
3940;assets.module.AllDamagedClip
4156;assets.btdmodule.OkButtonClip
4383;assets.module.DirectUseButtonClip
4927;assets.ui.BlastapopoulosDefeatTitleAnimation
4928;assets.sounds.CompletedStamp
4934;assets.ui.BloonariusDefeatTitleAnimation
4939;assets.ui.DreadbloonDefeatTitleAnimation
4947;assets.ui.VortexDefeatTitleAnimation
4965;assets.ui.VictoryPanelBossClip
5013;assets.town.BossDefeatPanelClip
4334;buttonclosebutton
4341;buttonbuybutton
4390;buttonvertbutton
4303;assets.btdmodule.TowerBuildPanel
4304;assets.btdmodule.BuildPanel
4353;InGameUI_fla_fla.NotUpgraded_64
4309;InGameUI_fla_fla.moarCash_btn_47
4402;buttonbankbutton
4481;InGameUI_fla_fla.HealthBar_106
4453;buttonplaybutton
4459;cancelbutton
4359;InGameUI_fla_fla.upgradeBar1_mc_67
4480;InGameUI_fla_fla.BossIcons_111
4375;InGameUI_fla_fla.panelupgrade1_68
4302;assets.towerBtns.SpecialAbilityBox
4348;upgrade_over_btn
4328;buttonfirstbutton
4438;assets.ui.MilestonesUIModuleClip
4440;assets.btdmodule.BottomUIPanel
4316;buttonmenubuttonsdfsdf
4389;buttonhozbutton
4450;buttonfastfowardbuttonon
4403;assets.module.TowerSelectedPanelClip
4394;buttoncirclebutton
4437;assets.ui.EventRewardsButtonMilestone
4291;assets.gui.NonstopCheckboxClip
4295;buttonuparrowbutton
4280;assets.ui.AntiBossAbilitiesPane
4439;assets.btdmodule.SpecialAgentPanel
4337;buttonstrongbutton
4331;buttonlastbutton
4312;InGameUI_fla_fla.moarLives_btn_49
4267;assets.towerBtns.AntiBossAbilityBox
4451;buttonfastfowardbutton
4366;upgrade_select_btn
4299;buttonarrowdownbutton
5111;assets.module.useTactics_btn
5113;assets.ability.CannotDoSymbol
5115;assets.towerBtns.TowerButtonFreeText
5117;assets.towerBtns.TowerButtonAvailableText
5119;assets.towerBtns.TowerButtonDamagedText
5152;assets.ui.RetryPanelClip
5162;assets.btdmodule.PvPNotEnoughResourcesPanelClip
5167;assets.tower.MortarReticle
5171;assets.btdmodule.ContestedTerritoryClosedPanelClip
5178;assets.ui.VictoryGenericPanelClip
5182;assets.btdmodule.MaintenanceScheduledMessageClip
5205;assets.btdmodule.MVMTryPanelClip
5206;assets.sounds.Upgrade
5213;assets.ui.ConfirmCancelGamePanelTileClip
5217;assets.btdmodule.SkullMarker
5223;assets.btdmodule.PvPTimeOutPanelClip
5341;assets.btdmodule.ui.AntiBossAbilityChillClip
5346;assets.btdmodule.ui.AntiBossAbilityWeakenClip
5353;assets.btdmodule.ui.AntiBossAbilityBlastClip
5358;assets.btdmodule.ui.AntiBossAbilityBaneClip
5362;assets.ui.GameOverContestedTerritoryPanelClip
5363;assets.ui.ConfirmCancelGamePanelClip
5448;assets.towers.BloonsBushCreeper
5450;assets.Burst
5493;assets.bloons.BlastopopoulosProps
5496;assets.DDTCamoOverlay
5498;assets.bloons.BlueRegen
5500;assets.bloons.Black
5502;assets.bloons.Pink
5511;assets.bloon.Ddt
5513;assets.bloons.YellowRegen
5564;assets.bloons.BloonariusProps
5574;assets.IceEffect
5593;assets.bloon.BfbProps
5638;assets.bloons.DreadbloonProps
5640;assets.bloons.Yellow
5664;assets.bloon.BossBlimpProps
5666;assets.bloons.PinkRegen
5670;assets.DissolverEffect
5672;assets.bloons.BlackRegen
5676;assets.bloons.Rainbow
5678;assets.bloons.GreenRegen
5698;assets.bloons.BlastopopoulosRed
5700;assets.bloons.RainbowRegen
5701;assets.BurnEffect
5707;assets.bloon.Moab
5709;assets.bloons.WhiteRegen
5717;assets.bloon.BossBlimp
5719;assets.bloons.ZebraRegen
5736;assets.bloons.Ceramic
5738;assets.effects.Stun
5745;assets.bloons.Vortex
5750;assets.bloons.Dreadbloon
5764;assets.bloons.VortexProps
5766;assets.bloons.LeadRegen
5782;assets.bloons.CeramicRegen
5786;assets.GlueEffect
5788;assets.bloons.White
5790;assets.bloons.RedRegen
5794;assets.bloon.MoabProps
5796;assets.bloons.Zebra
5816;assets.bloon.Bfb
5818;assets.bloons.Green
5820;assets.bloons.Lead
5825;assets.bloons.Bloonarius
5827;assets.bloons.Blue
5841;assets.CamoEffect
5845;assets.bloon.DdtProp
5847;assets.PlayUI.CuddlyBearClip
5850;assets.PlayUI.ActivatedAbilityCuddlyBearClip
5851;assets.sound.Teddy
5854;assets.ability.ActivatedAbilityAntiCamoDust
5856;assets.PlayUI.AntiCamoDustClip
5857;assets.sound.AntiCamoDust
5860;assets.effects.EngineerAura
5861;assets.effects.EngineerAura2
5865;assets.projectile.MOABAssassinPower
5868;assets.projectile.BombAce
5871;assets.projectile.Bee
5872;assets.sound.CrateDrop
5873;assets.effects.VillageEffect
5875;assests.effects.BuccaneerHarpoonSkullBlast
5877;assets.projectile.Harpoon
5878;assets.sound.GrapplingHookRetract
5879;assests.effects.BuccaneerHarpoonInitialBlast
5880;assets.effects.LightningEffect
5881;assets.sound.LightningBoltApprentice
5895;assets.towers.BloontrapExplode
5900;assets.towers.Bloontrap
5903;assets.towers.BloontrapBuild
5950;assets.towers.Phoenix
5966;assets.maps.dryasabone.RainCloudClip
5973;assets.PlayUI.ActivatedAbilityDryAsABoneRainClip
5974;assets.sound.Rainstorm
5977;assets.effects.VortexSmokeParticleGreyClip
5980;assets.effects.VortexSmokeParticleClip
5981;assets.sound.Sandstorm
5983;assets.PlayUI.SandStormClip
5984;assets.PlayUI.ActivatedAbilitySandStormClip
5985;assets.sounds.DreadBloonReshield
5997;assets.bloons.DreadbloonRockWallClip
6014;assets.btdmodule.MonkeyBoostHotSpikesPanelClip
6022;assets.btdmodule.ui.RedHotSpikesTutorialPanelClip
5330;assets.btdmodule.ui.BloonstonesSymbol
6027;assets.projectile.RedHotSpikesClip
6030;assets.btdmodule.ui.RedHotSpikesClip
6038;assets.ui.AntiBossAbilityTutorialPanelClip
6042;assets.btdmodule.ui.MonkeyBoostTutorialPanelClip
6043;assets.sound.BoostStart
6045;assets.btdmodule.ui.MonkeyBoostFullScreenEffect
6051;assets.btdmodule.ui.MonkeyBoostClip
6052;assets.sound.BoostEnd
5106;Icons_fla_fla.cooldown_mc_283
5136;InGameUI_fla_fla.checkbox_130
5128;assets.btdmodule.continueButton
5141;assets.btdmodule.RestartButton
5151;assets.btdmodule.OrText
5137;assets.ui.AddStartCashRestartclip
5166;assets.tower.DartlingTarget
5190;assets.btdmodule.TryAgain
5204;assets.ui.AddStartCashTryAgainClip
5210;assets.town.YesButtonClip
5216;InGameUI_fla_fla.FieryPitFireAll_330
6053;assets.sounds.PowerWeaken
6054;assets.sounds.PowerFreeze
5229;assets.btdmodule.ui.AntiBossButtonReadyEffect
5228;assets.btdmodule.ui.AntiBossButtonActivationEffect
5328;InGameUI_fla_fla.cooldown_mc_10
5236;bloonBeaconIconBossChill
5343;bloonBeaconIconBossWeaken
5350;bloonBeaconIconBossBlast
5355;bloonBeaconIconBossBane
6055;assets.sounds.PowerBane
6056;assets.sounds.PowerBlast
6057;assets.effects.Blacken
6060;assets.towers.Range
6063;assests.effects.CuddlyBearFullScreenAnimation
6066;assests.effects.AntiCamoDustFullScreenAnim
6067;assets.sound.AirDropCrate
6068;assets.sound.AirDropFlyBy
6072;assets.effects.HelpFromFriendsPlaneFlyover
6077;assets.effects.CrateAnimation
6082;assets.bloons.VortexEntryPortalClip
6083;assets.bloons.VortexEntryPortalTopClip
6086;assets.PortalOpeningClip
6093;assets.maps.sandstorm.AbilityDust1
6094;assets.sounds.BlastapopoulosAttack
6095;assets.sounds.DreadBloonReshieldShort
6099;assets.bloons.DreadRegenRocksClip
6106;assets.bloons.DreadbloonRockArmorEnterClip
6111;assets.bloons.DreadShieldClip
6118;assets.towers.WhirpoolSink
6046;InGameUI_fla_fla.MonkeyBoostAura_351
6123;assets.effects.SkullSpamClip
6126;assets.effects.SnowSpamClip
6129;assets.effects.SnowSpamClip02
6141;assets.effects.BossBaneExplosionClip
6142;assets.effects.VortexPulseGraphic
6147;assets.effects.VortexStunEffectClip
6150;assets.effects.LavaParticleClip
6155;assets.bloons.FireballClip
6157;assets.effects.BlastopopoulisStunEffectClip
6160;assets.effects.BlastBackLeaf2ParticleClip
6163;assets.effects.BlastBackLeaf1ParticleClip
6166;assets.effects.BlastBackCloudParticleClip
6169;assets.effects.BlastBackParticleClip
6173;assets.effects.LightningFXBossBlast
6174;assets.sounds.BlastapopoulosImpact
6175;assets.effects.LargeExplosionClip
3558;assets.detailView.MonkeyFort
6174;assets.sounds.BlastapopoulosImpact
3283;assets.towers.FasterSpikeBall
2181;assets.towers.BuccaneerFastGrape
3495;assets.upgrades.CannonShip
103;assets.towers.MeerkatHeadPro
6038;assets.ui.AntiBossAbilityTutorialPanelClip
2585;assets.upgrades.RedHotRangs
2937;assets.PlayUI.LongerCannons
2660;assests.effects.TackTowerSpiral
3230;assets.detailView.BigOne
1810;assets.towers.MoabMauler
3008;assets.detailView.MortarAccuracy
4068;assets.sandbox.Sandbox_RegenPink
4836;assets.sounds.ExplosionBig
3877;assets.upgrades.RayofDoom
3443;assets.detailView.MortarBiggerBlast
2914;assets.detailView.PointFiveOh
3530;assets.detailView.GlaiveLord
2033;assets.PlayUI.FastSniper
2631;assets.PlayUI.Battery
4021;assets.towerBtns.BuccaneerTower
2700;assets.detailView.SuperPlasma
2847;assets.PlayUI.CorrosiveGlue
4092;assets.sandbox.Sandbox_RegenGreen
4299;buttonarrowdownbutton
985;assets.projectile.BurnyLargeExplosion
295;assets.towers.ArtilleryBattery
2342;assets.upgrades.CrippleMOAB
1198;assets.upgrades.BloonAreaDenialSystem
1637;assets.PlayUI.BombRange
2715;assets.towers.ClusterMissile
3387;assets.towers.LeftFront
4033;assets.towerBtns.TackTower
987;assets.PlayUI.InvestmentAdvisory
3026;assets.detailView.LongLifeNanas
5355;bloonBeaconIconBossBane
5210;assets.town.YesButtonClip
3932;assets.btdmodule.NotEnoughBloonstonesPanelClip
3641;assets.PlayUI.Engineer
1207;assets.towers.MonkeyTown
2807;assets.upgrades.FasterShoot
1046;assets.PlayUI.LargerArea
3424;assets.upgrades.Sprockets
29;assets.btdmodule.tutorial.ArrowSetClip
2531;assets.projectile.Tempest
2536;assets.towers.Spectre
5330;assets.btdmodule.ui.BloonstonesSymbol
1330;assets.detailView.SharpDarts
2785;assets.detailView.NightVision
473;assets.towers.BananaPlantation
5845;assets.bloon.DdtProp
481;assets.upgrades.FasterBarrelSpin
5980;assets.effects.VortexSmokeParticleClip
1682;assets.projectile.Boomerang
5593;assets.bloon.BfbProps
1541;assests.effects.IceTowerSnowStorm
579;assets.towers.FasterBarrelSpin
3404;assets.projectile.Nail
5701;assets.BurnEffect
2649;assets.PlayUI.EnhancedFreeze
3913;assets.towers.SonicGlaiveThrower
3676;assets.PlayUI.NinjaDiscipline
1261;assest.towers.Blizzard
1786;assets.ability.ActivatedAbilityMonkeyApprentice
699;assets.towers.MoabAssassin
2422;assets.upgrades.SpyPlane
2683;assets.projectile.BigBomb
3543;assets.detailView.SpikeOPult
508;assets.upgrades.EnergyBeacon
1202;assets.towers.LongerCannonsRight
5983;assets.PlayUI.SandStormClip
1219;assets.PlayUI.GlueSoak
3850;assets.towers.HighCalNightVis
2362;assets.PlayUI.MonkeyAce
3612;assets.ability.ActivatedAbilitySpikeFactory
5216;InGameUI_fla_fla.FieryPitFireAll_330
538;assets.detailView.StickierGlue
3307;assets.upgrades.SpikeStorm
2358;assets.detailView.BombTower
3428;assets.upgrades.ViralFrost
5985;assets.sounds.DreadBloonReshield
3768;assets.PlayUI.SemiAuto
2265;assets.towers.DepletedBloontoniumDarts
2434;assets.towers.ChinaShop
2699;assets.upgrades.AircraftCarrier
179;assets.towers.BananaInvestmentsAdvisory
3303;assets.PlayUI.DeadlyPrecision
3422;assets.towers.EngineerFastBuild
1162;assets.upgrades.SemiAutomaticRifle
664;assets.towers.BoomerangThrower
4291;assets.gui.NonstopCheckboxClip
88;assets.sounds.Place
486;assets.ability.ActivatedAbilityTackTower
710;assets.towers.SuperMonkeyRange
2926;assets.upgrades.BananaResearchFacility
4505;assets.sounds.Pop4
2256;assets.PlayUI.MonkeySense
4504;assets.sounds.Pop3
4503;assets.sounds.Pop2
3213;assets.detailView.SentryGun
2994;assets.PlayUI.BananaRepublic
4914;assets.sounds.NonSelect
1443;assets.projectile.TerrorShot
4209;assest.towers.BloonsDayDevice
3816;assets.upgrades.IceShards
4873;assests.effects.PhaseCrystalEffect
3514;assets.upgrades.FocusedFiring
2828;assets.detailView.WhiteHotTacks
4484;assets.effects.Select
4348;upgrade_over_btn
1406;assest.projectile.LaserShot2
2886;assest.towers.Ninja
6118;assets.towers.WhirpoolSink
4123;assets.sandbox.Sandbox_CamoBlue
2577;assets.detailView.SunGod
4117;assets.sandbox.Sandbox_CamoGreen
3770;assets.towers.FlashBomb
3182;assets.PlayUI.MissileLauncher
5851;assets.sound.Teddy
4506;assets.sounds.Pop1
3879;assets.PlayUI.Tempest
3523;assets.towers.CannonShip
657;assets.upgrades.StickierGlue
3368;assets.towers.EngineerBloonTrap
2798;assets.towers.EngineerSprockets
4480;InGameUI_fla_fla.BossIcons_111
4137;assets.sandbox.Sandbox_MOAB
1736;assets.PlayUI.Sabotage
6099;assets.bloons.DreadRegenRocksClip
3293;assets.upgrades.Juggernaut
916;assets.upgrades.ArtilleryBattery
1817;assets.upgrades.GlaiveRiccochet
4674;assets.sounds.BloonariusDeathSound
892;assets.PlayUI.IceShards
3080;assets.towers.SpikeStorm
3790;assets.projectile.Bomb
914;assets.towers.BombTower
3783;assets.PlayUI.SuperRangeTacks
4740;assets.projectile.Blade
50;assets.premium.MegaMonkeyEverythingPack
6046;InGameUI_fla_fla.MonkeyBoostAura_351
1970;assets.detailView.LargerArea
2357;assets.upgrades.SummonWhirlwind
6163;assets.effects.BlastBackLeaf1ParticleClip
4701;assets.towers.EngineerSentryDeath
5205;assets.btdmodule.MVMTryPanelClip
2707;assets.towers.DartSuperCall
4586;assests.effects.UpEffect
1110;assets.towers.RadarScanner
1721;assets.PlayUI.Fireball
905;assets.detailView.PineAppleExpress
1737;assets.detailView.LongRangeDarts
2688;assets.PlayUI.PowerfulDarts
5871;assets.projectile.Bee
4094;assets.sandbox.Sandbox_CamoRegenYellow
3107;assets.PlayUI.MIB
2899;assets.towers.RoboMonkeyLeftArm
2114;assets.upgrades.JungleDrums
1011;assets.upgrades.BloonTrap
2712;assets.towers.BoomerangMulti
1815;assets.upgrades.DeepFreeze
4567;assets.upgrades.DarkTempleoftheMonkeyGod
3493;assets.PlayUI.ClusterBombs
6056;assets.sounds.PowerBlast
1926;assets.PlayUI.ValuableNanas
3487;assets.upgrades.HydraRocketPods
2218;assets.upgrades.TheBigOne
37;assets.town.ModalBlockerClip
1026;assets.PlayUI.SpikeMineFactory
3075;assets.projectile.Missile
5854;assets.ability.ActivatedAbilityAntiCamoDust
1024;assets.detailView.MortarReload
3270;assets.detailView.NIN
4673;assets.sounds.BloonariusEntranceSound
1034;assets.PlayUI.MAOBShredder
1055;assets.PlayUI.BananaPlantation
3623;assets.PlayUI.MoreBananas
649;assets.detailView.Buccaneer
948;assets.detailView.BananaPlantation
1794;assets.PlayUI.MonkeyTown
20;assets.btdmodule.tutorial.DeadZone2Clip
2710;assets.PlayUI.FasterEngineering
6176;ninjakiwi.monkeyTown.data.RemoteDataManager_JsonData
1998;assets.upgrades.WhiteHotSpikes
1321;assets.PlayUI.SniperMonkey
975;assets.PlayUI.BiggerStacks
4498;assets.sound.MetalBloonHit
3822;assets.tower.BuccaneerCannonsLeft
4109;assets.sandbox.Sandbox_CamoRegenLead
3333;assets.projectile.BuccaneerDart
4060;assets.sandbox.Sandbox_Green
3810;assets.detailView.RazorSharpDarts
3483;assets.upgrades.BloonImpact
1475;assets.towers.SharperSpyPlane
2747;assets.towers.TheBigOne
3863;assets.PlayUI.SunGod
5738;assets.effects.Stun
5745;assets.bloons.Vortex
3442;assets.detailView.BloonTrap
1360;assets.towers.WhiteHotMoabShreder
3874;assets.upgrades.LightningBolt
1362;assets.upgrades.BoomerangThrower
3496;assets.PlayUI.CrippleMOAB
2728;assets.projectile.Bananas
4302;assets.towerBtns.SpecialAbilityBox
3141;assets.PlayUI.SuperLasers
2771;assets.towers.BananaRepublic
4135;assets.sandbox.Sandbox_Ceramic
4048;assets.sandbox.Sandbox_RegenCeramic
6072;assets.effects.HelpFromFriendsPlaneFlyover
1201;assets.detailView.RadarScanner
4056;assets.sandbox.Sandbox_CamoRegenRed
1724;assets.detailView.EnergyBeacon
1933;assets.projectile.Shuriken
3564;assets.PlayUI.EvenFasterTack
5825;assets.bloons.Bloonarius
6045;assets.btdmodule.ui.MonkeyBoostFullScreenEffect
4139;assets.sandbox.Sandbox_CamoRegenZebra
2326;assets.towers.Sniper
4156;assets.btdmodule.OkButtonClip
4043;assets.towerBtns.NinjaMonkey
1289;assets.projectile.Acorn
5137;assets.ui.AddStartCashRestartclip
11;menuassets.IntroHold
502;assets.detailView.SnowMonkey
3028;assets.PlayUI.CannonShip
2749;assets.detailView.Spectre
2694;assets.PlayUI.TurboCharge
4054;assets.sandbox.Sandbox_CamoBlack
5950;assets.towers.Phoenix
4096;assets.sandbox.Sandbox_CamoYellow
2721;assets.upgrades.bananaRepublic
4147;assets.sandbox.Sandbox_Black
1400;assets.PlayUI.BladeShooter
954;assets.towers.LeftBack
5448;assets.towers.BloonsBushCreeper
440;assets.PlayUI.GlaiveLord
2257;assets.detailView.FasterShootingBuccaneer
4121;assets.sandbox.Sandbox_CamoPink
5171;assets.btdmodule.ContestedTerritoryClosedPanelClip
5141;assets.btdmodule.RestartButton
5178;assets.ui.VictoryGenericPanelClip
6082;assets.bloons.VortexEntryPortalClip
104;assets.towerPlace.AceUnder
2476;assets.projectile.BurnySlightlyLargerExplosion
5850;assets.PlayUI.ActivatedAbilityCuddlyBearClip
2340;assets.towers.BionicGlaiver
3761;assets.PlayUI.FasterProductionSpikes
3140;assets.PlayUI.Apprentice
2103;assets.towers.PiratesCannonsLeft
2562;assets.detailView.DoubleShurikens
2375;assets.detailView.GlaiveThrower
1170;assets.detailView.RapidFireAce
5788;assets.bloons.White
3454;assets.detailView.Carrier
4149;assets.sandbox.Sandbox_RegenYellow
139;assets.towers.EnergyBeacon
3553;assets.towers.AircraftCarrier
18;assets.btdmodule.tutorial.DeadZone1Clip
2110;assets.towers.SonicBoomMulti
3580;assets.detailView.Lightning
6051;assets.btdmodule.ui.MonkeyBoostClip
3557;assets.upgrades.laserBlasts
3477;assets.towers.IceShards
3366;assets.detailView.BoomerangMonkey
2805;assets.PlayUI.FastProductionSpikes
1147;assets.upgrades.RadarScanner
4062;assets.sandbox.Sandbox_RegenBlue
4934;assets.ui.BloonariusDefeatTitleAnimation
931;assets.PlayUI.Sprockets
1930;assets.detailView.BiggerBombs
3490;assets.ability.ActivatedAbilityMonkeyBuccaneer
3609;assets.detailView.Tempest
5766;assets.bloons.LeadRegen
3871;assets.PlayUI.PermaFrost
5450;assets.Burst
2779;assets.PlayUI.FasterTack
5117;assets.towerBtns.TowerButtonAvailableText
132;assets.projectile.FragShard
3332;assets.projectile.BananaCrate
3365;assets.towers.BiggerBlast
5564;assets.bloons.BloonariusProps
16;assets.gui.Tooltip
3252;assests.effects.GlueGunnerRain
2551;assets.towers.SunAvatar
798;assets.upgrades.SpikeBalls
1962;assets.projectile.Fireball
2708;assets.detailView.IceShards
955;assets.tower.BuccaneerCannonsRight
1584;assets.towers.MissileLauncher
3589;assets.upgrades.MOABAssassin
3597;assets.detailView.EvenFasterTack
2617;assets.detailView.Sprockets
4217;assets.btdmodule.tutoria.OKButtonClip
4847;assets.sounds.VortexSpawn
4111;assets.sandbox.Sandbox_CamoCeramic
3587;assets.towers.HotGlaiveLord
4494;assets.sound.MoabDestroyedBig
291;assets.detailView.DartStorm
2042;assets.upgrades.VeryLongRange
4337;buttonstrongbutton
6068;assets.sound.AirDropFlyBy
4810;assets.projectile.IceExplosionLarge
1453;assets.upgrades.SignalFlare
885;assets.projectile.Dart
6067;assets.sound.AirDropCrate
1562;assets.PlayUI.Spectre
1696;assets.tower.HarpoonLeft
5903;assets.towers.BloontrapBuild
5513;assets.bloons.YellowRegen
5977;assets.effects.VortexSmokeParticleGreyClip
3405;assets.PlayUI.DartlingGun
4497;assets.projectile.IceShard
4738;assets.projectile.TempleMissile
3757;assets.projectile.SpikeMineBall
3786;assets.ability.ActivatedAbilitySniperMonkey
3991;assets.towerBtns.IceTower
6052;assets.sound.BoostEnd
5496;assets.DDTCamoOverlay
2202;assets.PlayUI.CleansingFoam
2104;assets.detailView.EnhancedVision
1458;assets.towers.DartLongerRazor
1983;assets.detailView.MissileLauncher
6057;assets.effects.Blacken
2499;assests.effects.MortarTowerArtillaryRain
4947;assets.ui.VortexDefeatTitleAnimation
1604;assets.detailView.DoomRay
3267;assets.towers.RoboMonkey
5666;assets.bloons.PinkRegen
2582;assets.towers.Bloonjitsu
2638;assets.PlayUI.CrowsNest
2020;assets.sound.BladeMaelstrom
2675;assets.detailView.Apprentice
3995;assets.towerBtns.BoomerangTower
951;assets.ability.ActivatedAbilityNinjaMonkey
2386;assets.detailView.GlueHoser
1009;assets.occupiedSpace.Small
3527;assets.towers.LaserCannon
2391;assest.towers.FastFire
2445;assets.projectile.LargeExplosion
4850;assets.ability.ActivatedAbilityPhaseCrystal
3384;assets.upgrades.BionicBoomer
4454;assets.gui.GoButtonClip
524;assets.towers.MonkeyPirates
3508;assets.upgrades.MonkeySense
4003;assets.towerBtns.DartTower
5676;assets.bloons.Rainbow
2680;assets.upgrades.SunAvatar
4483;assets.effects.SelectedEffect
4009;assets.towerBtns.WizardTower
1329;assets.towers.HotGlaiveRicochet
4101;assets.sandbox.Sandbox_CamoRegenBlue
2751;assets.upgrades.MOABMauler
5353;assets.btdmodule.ui.AntiBossAbilityBlastClip
6177;ninjakiwi.monkeyTown.common.LevelDefData_TrackDifficultiesCSV
1919;assets.PlayUI.EnhancedVision
514;assets.projectile.DissloverShot
3461;assets.PlayUI.IntenseMagic
2811;assets.upgrades.ArcticWind
1419;assets.detailView.EpicRange
2461;assets.PlayUI.Ricochet
3304;assets.detailView.MonkeyAce
5223;assets.btdmodule.PvPTimeOutPanelClip
426;assets.detailView.InvestmentAdvisory
3725;assets.projectile.BlobYellow
3104;assets.PlayUI.Destroyer
3432;assets.PlayUI.Temple
3702;assests.effects.MonkeyAceNuclearBlast
3566;assets.upgrades.SuperRangeSM
3109;assets.upgrades.Spectre
2387;assets.PlayUI.EpicRange
3789;assets.upgrades.BloonBuster
4389;buttonhozbutton
1049;assets.detailView.BloonImpact
3532;assets.towers.BionicBoomer
3759;assets.ability.ActivatedAbilityMortarTower
6027;assets.projectile.RedHotSpikesClip
3721;assets.towers.MonkeyFort
3916;assets.detailView.TripleDarts
1913;assets.PlayUI.SpikeBallFactory
6042;assets.btdmodule.ui.MonkeyBoostTutorialPanelClip
3086;assets.detailView.FireBall
1799;assets.projectile.PineappleBomb
3449;assets.upgrades.AbsoluteZero
2022;assets.upgrades.PineapplePresent
2429;assets.upgrades.OperationDartStorm
3004;assets.detailView.BombRange
1979;assets.towers.MortarTowerAccurate
4486;assets.gui.MinusBloonstones
2803;assets.towers.BananaFarm
463;assets.towers.SpikeOPult
3708;assets.towers.SpikeFactory
4777;assets.projectile.IceExplosion
4837;assets.projectile.SmallExplosion
3184;assets.upgrades.EnhancedFreeze
726;assets.ability.ActivatedAbilitySuperMonkey
1921;assets.towers.TackTowerEvenFaster
2409;assets.projectile.GlueSplat
3574;assets.PlayUI.GlueSplatter
5872;assets.sound.CrateDrop
3054;assets.towers.TempestTornado
1703;assets.detailView.FasterProductionSpikes
2318;assets.towers.BombTowerBiggerRange
3462;assets.detailView.AbsoluteZero
2793;assets.PlayUI.Juggernaut
3836;assets.upgrades.TackSprayer
3511;assets.PlayUI.RapidFireAce
810;assets.detailView.PowerfulDarts
3667;assets.PlayUI.MonkeyBank
2186;assets.upgrades.BunchoMonkeys
284;assets.PlayUI.SharpDarts
2893;assets.towers.PiratesCannonsRight
3106;assets.towers.SonicBoom
1354;assets.upgrades.BloonLiquefier
5638;assets.bloons.DreadbloonProps
4312;InGameUI_fla_fla.moarLives_btn_49
2166;assets.detailView.SeekingShurikens
912;assets.towers.RightBack
6043;assets.sound.BoostStart
2657;assets.sound.AbsoluteZeroIceTower
1959;assets.PlayUI.BigOne
2039;assets.towers.HotGlaiveThrower
5511;assets.bloon.Ddt
3787;assets.PlayUI.SupplyDrop
4492;assets.sound.MoabDestroyedMed
907;assets.upgrades.SentryGun
3620;assets.towers.AbsoluteZero
3782;assets.detailView.DartMonkey
4052;assets.sandbox.Sandbox_CamoIce
5236;bloonBeaconIconBossChill
2420;assets.towers.ChinaShopNightVis
2736;assets.PlayUI.BoomerangMonkey
3720;assets.PlayUI.BurnyStuff
2709;assets.PlayUI.SharpShurikens
4119;assets.sandbox.Sandbox_OMFG
342;assets.towers.MissileBuster
3032;assets.detailView.LaserCannon
1337;assets.PlayUI.SharperDartsAce
2152;assets.towers.RayOfDoom
3734;assets.towers.TripleShot
2411;assets.upgrades.NevaMissTargeting
4815;assets.projectile.GodGlueShot
2703;assets.PlayUI.BananaFarm
2112;assets.upgrades.RapidFire
6123;assets.effects.SkullSpamClip
1870;assets.towers.AirBase
1448;assets.sound.TechnoTerrorAbility
4440;assets.btdmodule.BottomUIPanel
3593;assets.towers.Distraction
3397;assets.towers.Flare
3018;assets.towers.MineSpike
1658;assets.projectile.ApprenticeDisspate
3674;assets.towers.BladeShooter
3730;assets.towers.TurboGlaiver
3637;assets.PlayUI.GroundZero
2773;assets.PlayUI.ExtraRangeTacks
597;assets.PlayUI.LaserCannon
942;assets.PlayUI.BloonImpact
2537;assets.projectile.IceBurstMedium
3631;assets.upgrades.MonkeyTown
3636;assets.PlayUI.GlueMonkey
4078;assets.sandbox.Sandbox_Lead
6155;assets.bloons.FireballClip
2259;assets.upgrades.BananaPlantation
4131;assets.sandbox.Sandbox_CamoRegenPink
3870;assets.projectile.IntenseMagic
3006;assets.towers.FragBombs
3704;assets.PlayUI.SpikeFactory
5190;assets.btdmodule.TryAgain
3656;assets.PlayUI.SpikeOPult
4453;buttonplaybutton
1839;assets.detailView.FocusedFiring
3655;assets.PlayUI.GlueStriker
4514;assets.towers.DarkTempleOfTheMonkeyGod
87;assets.effects.CantPlaceEffect
2319;assets.detailView.SpikeMineFactory
1685;assets.towers.FasterBiggerStacks
3628;assets.PlayUI.MOABAssassin
883;assets.ability.ActivatedAbilityMonkeyAce
2000;assets.upgrades.FasterShooting
3429;assets.detailView.ValuableNanas
4375;InGameUI_fla_fla.panelupgrade1_68
1666;assets.towers.WhiteHotSpikeStorm
5900;assets.towers.Bloontrap
2774;assets.detailView.SniperMonkey
4906;assets.bloons.BlastapopoulosEntranceAnimationClip
423;assets.PlayUI.MonkeyFort
2078;assets.detailView.DeadlyPrecision
3839;assets.upgrades.TurboCharge
4834;assets.sounds.ExplosionSmall
1581;assets.upgrades.Technological
1456;assets.upgrades.NightVisionGoggles
1864;assets.upgrades.GlaiveThrower
4099;assets.sandbox.Sandbox_Rainbow
4835;assets.sounds.ExplosionHuge
4151;assets.sandbox.Sandbox_RegenBlack
655;assets.towers.TempleOfTheMonkeyGod
3961;assets.towerBtns.Pineapple
2084;assets.upgrades.FullMetalJacket
6157;assets.effects.BlastopopoulisStunEffectClip
2080;assets.upgrades.NinjaDiscipline
306;assets.detailView.MonkeyBank
4366;upgrade_select_btn
3711;assets.detailView.SpikeFactory
2777;assets.PlayUI.DoomRay
3889;assets.detailView.BurnyStuff
4341;buttonbuybutton
3806;assets.upgrades.IntenseMagic
1008;assets.towers.BloonDissolver
123;assets.btdmodule.continueButton2
4499;assets.sound.MoabDamage3
4500;assets.sound.MoabDamage2
420;assets.towers.TackSprayer
4501;assets.sound.MoabDamage1
1705;assets.upgrades.DragonsBreath
3829;assets.upgrades.RoboMonkey
61;assets.premium.MonkeyMoneyInvestment
2726;assets.occupiedSpace.AceSpace
3336;assets.projectile.SlightlyLargerExplosion
3500;assets.towers.TurboCharge
3710;assets.upgrades.SuperRange
2278;assets.detailView.HotRangas
3862;assets.PlayUI.DartMonkey
4141;assets.sandbox.Sandbox_CamoRegenCeramic
3728;assets.ability.ActivatedAbilityMonkeyVillage
1851;assets.PlayUI.Lightning
5152;assets.ui.RetryPanelClip
5857;assets.sound.AntiCamoDust
3834;assets.upgrades.PlasmaCannon
3861;assets.towers.Juggernaut
3766;assets.detailView.IntenseMagic
4316;buttonmenubuttonsdfsdf
1266;assets.towers.DartLongSharp
2981;assets.PlayUI.RazorSharpDarts
4000;assets.towerBtns.FarmTower
4050;assets.sandbox.Sandbox_CamoRegenIce
2019;assets.upgrades.SabbotageSupplyLines
3426;assets.upgrades.Distraction
3940;assets.module.AllDamagedClip
2684;assets.sound.TurboBoomerang
1791;assets.PlayUI.TackTower
623;assets.upgrades.Overclock
4833;assets.projectile.CorrosiveSplat
5877;assets.projectile.Harpoon
4502;assets.sound.CeramicBloonHit
3821;assets.towers.Notes
5816;assets.bloon.Bfb
5228;assets.btdmodule.ui.AntiBossButtonActivationEffect
207;assets.detailView.SupplyDrop
3796;assets.towers.SniperSupply
3596;assets.towers.CrippleMoab
6083;assets.bloons.VortexEntryPortalTopClip
4564;assets.projectile.SunBallDark
3335;assets.towers.RightFront
3943;assets.towerBtns.SuperTower
4768;assests.effects.MonkeyGod
1309;assets.towers.CorrosiveGlue
1914;assets.projectile.HotRang
3840;assets.detailView.GlueMonkey
53;assets.premium.DoubleCash
1278;assets.towers.BloonAreaDenialSystem
4278;assets.btdmodule.tutorial.ArrowEnterance
4359;InGameUI_fla_fla.upgradeBar1_mc_67
6095;assets.sounds.DreadBloonReshieldShort
2864;assets.detailView.GlueStriker
3279;assets.towers.Beacon
4145;assets.sandbox.Sandbox_CamoLead
3163;assets.projectile.BurnyNuclearExplosion
2909;assets.detailView.Phoenix
4928;assets.sounds.CompletedStamp
5818;assets.bloons.Green
3983;assets.towerBtns.SniperMonkey
4451;buttonfastfowardbutton
570;assets.PlayUI.BloonTrap
5182;assets.btdmodule.MaintenanceScheduledMessageClip
1911;assets.towers.Bubbles1
3168;assets.detailView.Juggernaut
5841;assets.CamoEffect
4877;assets.ability.ActivatedAbilityStickySapFlower
5167;assets.tower.MortarReticle
3640;assets.detailView.LongerCannons
3958;assets.towerBtns.GlueTower
4912;assets.ability.ActivatedAbilityWhirpool
85;assets.towerPlace.Ace
1605;assets.sound.SpikeStorm
5151;assets.btdmodule.OrText
1753;assets.detailView.SonicBoom
288;assets.upgrades.PointFiveOh
3420;assets.towers.SnowFlakes
2067;assets.projectile.SpikeFactorySpikes
2606;assets.projectile.NuclearExplosion
6030;assets.btdmodule.ui.RedHotSpikesClip
4816;assets.sound.GlueSplatter
3581;assets.detailView.BananaFarm
1180;assets.PlayUI.FasterShootingBuccaneer
35;assets.btdmodule.tutorial.DeadZoneTargetClip
3591;assets.towers.EngineerSentryBuilder
5790;assets.bloons.RedRegen
1547;assets.towers.Destroyer
4213;assets.module.CoolDownTimerClip
2690;assets.upgrades.BladeShooter
3544;assets.PlayUI.LongLifeNanas
5981;assets.sound.Sandstorm
880;assets.towers.EvenFasterProduction
3305;assets.PlayUI.Overclock
3812;assets.upgrades.GlueHose
4482;assets.gui.InGameUI
3381;assets.upgrades.EpicRange
3800;assets.towers.MonkeyBuccaneer
685;assets.projectile.TinyTornado
267;assets.towers.BloonBuster
796;assets.PlayUI.NevaMissAce
2335;assets.towers.BloonLiquifier
4304;assets.btdmodule.BuildPanel
876;assets.towers.FasterMineSpike
2687;assests.effects.SniperBeacon
4107;assets.sandbox.Sandbox_Blue
111;assets.towers.MeerkatMound
3492;assets.detailView.DeepFreeze
785;assets.towers.TackTowerFaster
5707;assets.bloon.Moab
3760;assets.detailView.CorrosiveGlue
2662;assets.upgrades.FasterProduction
1376;assets.detailView.SuperMonkey
3573;assets.upgrades.DepletedBloontoniumDarts
4965;assets.ui.VictoryPanelBossClip
2815;assets.towers.TempestCloud
3044;assests.effects.MonkeyVillagePulse
6169;assets.effects.BlastBackParticleClip
329;assets.projectile.MediumExplosion
5865;assets.projectile.MOABAssassinPower
3480;assets.towers.SupplyDrop
5362;assets.ui.GameOverContestedTerritoryPanelClip
5878;assets.sound.GrapplingHookRetract
516;assets.upgrades.MissileLauncher
4295;buttonuparrowbutton
3379;assets.projectile.RingOfFire
313;assets.towers.BloonImpact
2799;assets.detailView.SpyPlane
4549;assets.upgrades.DarkSunAvatar
4383;assets.module.DirectUseButtonClip
6060;assets.towers.Range
108;assets.towers.TribalCoconutArm
1332;assets.upgrades.BloonDissolver
1091;assets.upgrades.DeadlyPrecision
1939;assets.detailView.ArcticWind
1392;assets.PlayUI.Phoenix
4751;assets.projectile.IceBolt
4220;assets.btdmodule.tutoria.NextButtonClip
1182;assets.PlayUI.TackSprayer
2315;assets.towers.LaserMonkey
991;assets.PlayUI.LongRangeDarts
1680;assets.detailView.RoboMonkey
1347;assets.detailView.DartlingGun
2291;assets.towers.NinjaDouble
2727;assets.detailView.HydraRockets
5500;assets.bloons.Black
5750;assets.bloons.Dreadbloon
3388;assets.detailView.Bloonjitsu
3399;assets.detailView.GroundZero
6077;assets.effects.CrateAnimation
4450;buttonfastfowardbuttonon
812;assets.occupiedSpace.Large
1333;assets.PlayUI.BloonBuster
2693;assets.towers.BiggerStacks
3181;assets.PlayUI.HotRangas
2719;assets.PlayUI.EnergyBeacon
393;assets.PlayUI.TripleDarts
1831;assets.projectile.IceBurstLarge
4493;assets.sound.FrozenBloonHit
1396;assets.detailView.BananaRepublic
2816;assets.detailView.MonkeyBeacon
1398;assets.upgrades.GlueStriker
5358;assets.btdmodule.ui.AntiBossAbilityBaneClip
5868;assets.projectile.BombAce
3215;assets.PlayUI.GlueHoser
3878;assets.detailView.MoreBananas
1133;assets.PlayUI.MortarAccuracy
3497;assets.sound.MoabAssassinMissile
3915;assets.upgrades.BiggerBombs
4390;buttonvertbutton
3765;assets.detailView.EnhancedFreeze
4143;assets.sandbox.Sandbox_CamoRegenGreen
2082;assets.detailView.SpikeStorm
1263;assets.upgrades.SeekingShuriken
1635;assets.PlayUI.GrapeShot
3919;assets.tower.HighCal
238;assets.detailView.NinjaMonkey
2959;assets.PlayUI.Bloonjitsu
4876;assets.PlayUI.StickySapFlowerClip
3837;assets.PlayUI.Carrier
303;assets.towers.BladeMaelstrom
3165;assets.towers.IceTower
4817;assets.sounds.ExplosionMedium
2971;assets.projectile.SpikeFactoryBall
3403;assets.towers.SnapFreeze
5217;assets.btdmodule.SkullMarker
2865;assets.PlayUI.RoboMonkey
2997;assets.upgrades.CrowsNest
5204;assets.ui.AddStartCashTryAgainClip
4580;assets.towers.DarkMonkeyGodHead
2091;assets.towers.SuperMonkey
2424;assets.towers.JungleDrums
2223;assets.detailView.ViralFrost
5502;assets.bloons.Pink
4394;buttoncirclebutton
2866;assets.detailView.BladeShooter
3830;assets.upgrades.BiggerBlast
3845;assets.projectile.GlueShot
5997;assets.bloons.DreadbloonRockWallClip
1298;assests.effects.SuperMonkeyShockwave
2392;assets.detailView.GlueSoak
1573;assets.PlayUI.RingOfFire
1690;assests.effects.MonkeyApprenticeFieryRing
3272;assets.PlayUI.DartStorm
3657;assets.towers.EngineerNailGun
167;assets.detailView.SharpShurikens
4353;InGameUI_fla_fla.NotUpgraded_64
4334;buttonclosebutton
4927;assets.ui.BlastapopoulosDefeatTitleAnimation
6063;assests.effects.CuddlyBearFullScreenAnimation
380;assets.detailView.BloonLiquefier
610;assets.towers.HydraRocketPods
4262;assets.btdmodule.tutoria.TutorialPanelClip
3802;assets.upgrades.LongLifeBananas
2944;assets.upgrades.FragBombs
3007;assets.PlayUI.MortarMonkey
4439;assets.btdmodule.SpecialAgentPanel
936;assets.detailView.JungleDrums
1054;assets.upgrades.MonkeyFort
1352;assets.projectile.BombCluster
3040;assets.detailView.BionicBoomer
4058;assets.sandbox.Sandbox_CamoRed
2908;assets.towers.PlasmaVision
416;assets.towers.NevaMissTargeting
3764;assets.PlayUI.Maelstrom
4076;assets.sandbox.Sandbox_Yellow
3947;assets.towerBtns.SpikeFactory
3046;assets.upgrades.FiringFaster
2116;assets.upgrades.GrapeShot
3579;assets.upgrades.TempestTornado
1089;assets.detailView.CrowsNest
2616;assets.towers.EngineerFoamGunner
1061;assets.projectile.RoboLaser
3630;assets.towers.DartlingGun
5873;assets.effects.VillageEffect
3229;assets.detailView.SemiAuto
5106;Icons_fla_fla.cooldown_mc_283
3219;assets.detailView.ClusterBombs
5861;assets.effects.EngineerAura2
3302;assets.detailView.Ricochet
57;assets.premium.MoreMonkeyMoney
4491;assets.btdmodule.LoadingClip
1135;assets.upgrades.SharpDarts
448;assets.upgrades.MIBCallToArms
2478;assets.towers.BuccaneerGrape
353;assets.occupiedSpace.MortarMonkeySpace
1471;assets.towers.SemiAutomatic
66;assets.towers.TribalSpearArm
2883;assets.detailView.CannonShip
4721;assets.towers.EngineerSentryBuild
1120;assets.detailView.MOABMauler
3000;assets.PlayUI.ResearchFacility
314;assets.projectile.BladeMaelstrom
3003;assets.towers.MonkeyApprentice
3069;assets.towers.ClusterBombs
4481;InGameUI_fla_fla.HealthBar_106
351;assets.projectile.Laser
2262;assets.PlayUI.Pirates
3062;assets.upgrades.GlueSplatter
4545;assests.effects.MonkeyGodDark
3041;assets.PlayUI.Whirlwind
3638;assets.towers.AntennaBase
1761;assets.detailView.MonkeyVillage
863;assets.detailView.NinjaDiscipline
4309;InGameUI_fla_fla.moarCash_btn_47
1996;assets.detailView.FullMetalJacket
1402;assets.projectile.LaserShot4
1404;assets.projectile.LaserShot3
1035;assets.PlayUI.SnapFreeze
1408;assets.projectile.LaserShot1
953;assets.upgrades.DoubleShot
2985;assets.detailView.BiggerStacks
1860;assets.PlayUI.MortarBiggerBlast
3180;assets.towers.GlueSplatter
2993;assets.detailView.FasterTack
90;assets.towers.MeerkatHead
170;assets.upgrades.TempleoftheMonkeyGod
1160;assets.PlayUI.DepletedPlutonium
4105;assets.sandbox.Sandbox_CamoRegenRainbow
782;assets.upgrades.MonkeyIntelligenceBureau
3907;assets.towers.BananaResearchFacility
1433;assets.PlayUI.NIN
1145;assets.towers.RedHotRangs
5115;assets.towerBtns.TowerButtonFreeText
4331;buttonlastbutton
2984;assets.detailView.MOABAssassin
986;assets.occupiedSpace.BananaFarmSpace
1287;assets.detailView.Engineer
3073;assets.towers.CrippleMoabNightVis
5880;assets.effects.LightningEffect
3082;assets.towers.FasterProduction
3625;assets.PlayUI.Sentry
4907;assets.sounds.DreadBloonSpawn
1783;assets.detailView.Pirates
959;assets.PlayUI.BiggerBombs
3520;assets.detailView.Permafrost
4911;assets.PlayUI.Whirlpool
4685;assets.towers.EngineerSentryDeathFeet
5709;assets.bloons.WhiteRegen
3291;assets.towers.RingOfFire
4780;assets.projectile.IceExplosionMedium
3814;assets.upgrades.NineInchNails
1072;assets.detailView.BloonBuster
5013;assets.town.BossDefeatPanelClip
3112;assets.PlayUI.PineappleExpress
552;assets.detailView.CrippleMOAB
2475;assets.detailView.DragonsBreath
3434;assets.projectile.MOABAssassin
2853;assets.towers.GlueHose
2757;assets.towers.RoboMonkeyRightArm
3401;assets.towers.DartMonkey
844;assets.towers.FasterWhiteHotSpikes
3731;assets.detailView.Temple
4438;assets.ui.MilestonesUIModuleClip
6129;assets.effects.SnowSpamClip02
3127;assets.PlayUI.StickierGlue
4495;assets.sound.MoabDestroyedShort
3126;assets.PlayUI.AbsoluteZero
5719;assets.bloons.ZebraRegen
4672;assets.BloonariusDeath
2717;assets.towers.ViralFog
3925;assets.upgrades.SummonPhoenix
477;assets.towers.MoneyBank
298;assets.detailView.MIB
1445;assets.detailView.RoadSpikes
4133;assets.sandbox.Sandbox_Pink
5162;assets.btdmodule.PvPNotEnoughResourcesPanelClip
5827;assets.bloons.Blue
362;assets.projectile.BurnyMediumExplosion
1032;assets.projectile.MagicBolt
3060;assets.projectile.HydraMissile
3435;assets.PlayUI.PointFiveOh
48;assets.premium.GrilledPineapples
1434;assets.PlayUI.SnowMonkey
2015;assets.detailView.TurboCharge
3214;assets.PlayUI.MOABMauler
6066;assests.effects.AntiCamoDustFullScreenAnim
2651;assets.upgrades.SonicBoom
3027;assets.projectile.GrapeShot
3723;assets.detailView.CleansingFoam
3146;assets.upgrades.ClusterBombs
780;assets.PlayUI.Distraction
3139;assets.projectile.RoadSpikes
4029;assets.towerBtns.DartlingTower
5128;assets.btdmodule.continueButton
2724;assets.towers.MonkeyIntelligenceBurau
5966;assets.maps.dryasabone.RainCloudClip
2017;assets.upgrades.Destroyer
1789;assets.detailView.TackSprayer
2579;assets.upgrades.BiggerStacks
1827;assets.detailView.SuperLasers
2827;assets.towers.EngineerLargerArea
2261;assets.towers.EngineerMonkey
582;assets.projectile.SunBeam
5640;assets.bloons.Yellow
4127;assets.sandbox.Sandbox_RegenIce
4113;assets.sandbox.Sandbox_CamoZebra
4125;assets.sandbox.Sandbox_Ice
5119;assets.towerBtns.TowerButtonDamagedText
2808;assets.projectile.IceBurst
2637;assets.upgrades.SpikeMines
2891;assets.ability.ActivatedAbilityDartMonkey
46;assets.premium.BiggerBeacons
2544;assets.PlayUI.DeepFreeze
3185;assets.PlayUI.BionicBoomer
5794;assets.bloon.MoabProps
59;assets.premium.Dreadnaught
3528;assets.PlayUI.NightVision
3560;assets.bloons.Red
1931;assets.detailView.FragBombs
3265;assets.detailView.GlueSplatter
2295;assests.effects.BoomerangAura
252;assets.towers.SummonPhoenix
3301;assets.tower.TechnoTerrorLeftArm
829;assets.detailView.FasterEngineering
2388;assets.PlayUI.FlashBombs
1709;assets.towers.MoreBananas
2830;assets.sound.GlueStrike
5764;assets.bloons.VortexProps
3978;assets.towerBtns.Engineer
621;assets.upgrades.ExtraRange
2748;assets.PlayUI.SpikeStorm
4844;assets.projectile.DoomShot
6086;assets.PortalOpeningClip
2092;assets.sound.SummonPhoenix
5350;bloonBeaconIconBossBlast
1472;assets.PlayUI.NinjaMonkey
2354;assets.towers.FireCircle
3284;assets.detailView.DepletedPlutonium
3337;assets.sound.SuperHeroUpgrade
2890;assets.projectile.Tack
6150;assets.effects.LavaParticleClip
1862;assets.upgrades.FastProduction
1659;assets.detailView.SignalFlare
4103;assets.sandbox.Sandbox_CamoRegenBlack
703;assets.ability.ActivatedAbilityDartlingGun
1550;assets.projectile.Plasma
6106;assets.bloons.DreadbloonRockArmorEnterClip
3888;assets.projectile.LargeSpikeBall
3058;assets.towers.MonkeyAceRapid
4637;assets.BloonariusEntrance
1638;assets.detailView.ADS
2813;assets.upgrades.Permafrost
1116;assets.towers.EngineerOverclock
3419;assets.towers.EngineerFoamGun
3310;assets.towers.GlueStriker
3271;assets.upgrades.RapidReload
3076;assets.detailView.FastProductionSpikes
3798;assets.upgrades.LargerServiceArea
2337;assets.upgrades.EvenFaster
2632;assets.PlayUI.ViralFrost
5700;assets.bloons.RainbowRegen
6094;assets.sounds.BlastapopoulosAttack
1701;assets.towers.IntenseFireball
3167;assets.upgrades.Bloonjitsu
5786;assets.GlueEffect
3277;assets.towers.Sabotage
109;assets.effects.Place
767;assets.PlayUI.SpyPlane
3501;assets.occupiedSpace.Medium
2288;assets.towers.GlueGunner
3391;assets.towers.SeekingShurikens
2656;assets.towers.HeavyDart
2986;assets.towers.LongerCannonsLeft
4846;assets.EmptyEntranceEffectClip
130;assets.btdmodule.ContestedTerritoryRoundReachedPanelClip
3111;assets.upgrades.GlueSoak
3972;assets.towerBtns.AceTower
3048;assets.upgrades.GroundZero
3064;assets.towers.EngineerSentryFeet
1093;assets.upgrades.MonkeyPirates
4280;assets.ui.AntiBossAbilitiesPane
2280;assets.projectile.SpectreBomb
3762;assets.PlayUI.GlaiveThrower
2376;assets.detailView.RingOfFire
3654;assets.upgrades.PowerfulDarts
1571;assets.towers.PermaFreeze
6147;assets.effects.VortexStunEffectClip
2635;assets.ability.ActivatedAbilityBoomerangThrower
1585;assets.detailView.Distraction
5717;assets.bloon.BossBlimp
4015;assets.towerBtns.MortarTower
934;assets.upgrades.BladeMaelstrom
2992;assets.towers.DartlingFocused
4897;assets.towers.stickySapFlowerExplode
101;assets.towers.TribalWaterRipple
6111;assets.bloons.DreadShieldClip
973;assets.projectile.WhiteHotSpikes
5363;assets.ui.ConfirmCancelGamePanelClip
5895;assets.towers.BloontrapExplode
4074;assets.sandbox.Sandbox_Zebra
3512;assets.projectile.RoboDart
3386;assets.detailView.BloonDissolver
2203;assets.detailView.CallToArms
1852;assets.occupiedSpace.VillageSpace
2718;assets.detailView.TackTower
3767;assets.detailView.Destroyer
5664;assets.bloon.BossBlimpProps
2241;assets.PlayUI.TechTerror
2622;assets.towers.LongerNest
1865;assets.PlayUI.RadarScanner
5820;assets.bloons.Lead
1964;assets.upgrades.SharperDarts
4727;assests.effects.DartMonkeyLightningblast
723;assets.detailView.SnapFreeze
1048;assets.upgrades.SpikeOPult
5736;assets.bloons.Ceramic
1579;assets.sound.CrateDropPlaneEntrance
3196;assets.PlayUI.FanClub
1686;assets.detailView.NevaMissAce
3506;assests.effects.SpikeFactoryAura
4328;buttonfirstbutton
3818;assets.projectile.FlashBomb
3666;assets.detailView.MultiBoomerang
1759;assets.towers.MonkeyTownFort
1409;assets.projectile.LaserCannon
3382;assets.PlayUI.DoubleShurikens
3922;assets.tower.TechnoTerrorRightArm
4845;assets.sound.IceExplode
5672;assets.bloons.BlackRegen
2425;assets.detailView.MonkeySense
3481;assets.PlayUI.DragonsBreath
1607;assets.detailView.SuperRangeTacks
5213;assets.ui.ConfirmCancelGamePanelTileClip
5698;assets.bloons.BlastopopoulosRed
1121;assets.upgrades.RingofFire
1813;assets.towers.SharpShuriken
2504;assets.PlayUI.SuperPlasma
3085;assets.detailView.FastSniper
4046;assets.towerBtns.BombTower
1477;assets.upgrades.MonkeyBeacon
2003;assets.towers.EngineerNineInchNails
2242;assets.occupiedSpace.TempleSpace
5875;assests.effects.BuccaneerHarpoonSkullBlast
631;assets.towers.GlaiveLord
41;assets.premium.SplodeyDarts
3808;assets.upgrades.LongRangeDarts
2809;assets.sound.MIBCallToArms
838;assets.detailView.FasterSpin
3763;assets.PlayUI.BloonLiquefier
1454;assets.PlayUI.SuperMonkey
1268;assets.ability.ActivatedAbilityGlueGunner
2834;assets.towers.ArcticWind
2583;assets.detailView.MonkeyTown
3809;assets.PlayUI.SentryGun
3923;assets.detailView.GrapeShot
4403;assets.module.TowerSelectedPanelClip
286;assets.detailView.Maelstrom
3675;assets.PlayUI.FullMetalJacket
1974;assets.upgrades.GlaiveLord
4733;assets.sound.TempleSacrifice
2921;assets.towers.TechnologicalTerror
5796;assets.bloons.Zebra
1451;assets.ability.ActivatedAbilityBombTower
4070;assets.sandbox.Sandbox_RegenRainbow
350;assets.projectile.Laser1
4072;assets.sandbox.Sandbox_RegenLead
348;assets.projectile.Laser2
346;assets.projectile.Laser3
344;assets.projectile.Laser4
3722;assets.PlayUI.MultiBoomerang
3274;assets.projectile.HotGlaive
6141;assets.effects.BossBaneExplosionClip
6173;assets.effects.LightningFXBossBlast
172;assets.upgrades.LongerCannons
2923;assets.towers.TackTower
2125;assets.upgrades.PlasmaBlasts
5782;assets.bloons.CeramicRegen
1618;assets.towers.GlueStickySoak
6178;ninjakiwi.monkeyTown.monkeyKnowledge.MonkeyKnowledgeBuffData_TestJsonData
1107;assets.detailView.Overclock
5229;assets.btdmodule.ui.AntiBossButtonReadyEffect
4779;assets.projectile.SunBall
3669;assets.upgrades.ValuableBananas2
4402;buttonbankbutton
1184;assets.upgrades.FastEngineering
4939;assets.ui.DreadbloonDefeatTitleAnimation
4459;cancelbutton
960;assets.PlayUI.JungleDrums
2102;assets.detailView.MortarMonkey
3436;assets.detailView.ExtraRangeTack
5973;assets.PlayUI.ActivatedAbilityDryAsABoneRainClip
5856;assets.PlayUI.AntiCamoDustClip
140;assets.sound.GrapplingHookExtend
3394;assets.towers.OperationDartStorm
4303;assets.btdmodule.TowerBuildPanel
4080;assets.sandbox.Sandbox_RegenZebra
4732;assests.effects.DartMonkeyFullScreen
6160;assets.effects.BlastBackLeaf2ParticleClip
3670;assets.detailView.ResearchFacility
5860;assets.effects.EngineerAura
4706;assets.projectile.GrilledPineappleBomb
2414;assets.towers.MortarTower
2776;assets.upgrades.bananaInvestmentsAdvisory
3671;assets.PlayUI.SeekingShurikens
1542;assets.towers.CannonShipCannonsRight
2995;assets.PlayUI.SonicBoom
3328;assets.PlayUI.BloonDissolver
3529;assets.PlayUI.MonkeyVillage
2215;assets.towers.ViralForst
3571;assets.towers.GlaiveThrower
4267;assets.towerBtns.AntiBossAbilityBox
2892;assets.projectile.FireDissRed
4187;assest.towers.BloonsDayDevicePro
1447;assets.upgrades.SharpShurikens
3562;assets.upgrades.CleansingFoam
1436;assets.projectile.Terror4
1440;assets.projectile.Terror2
1438;assets.projectile.Terror3
2118;assets.PlayUI.MonkeyBeacon
1442;assets.projectile.Terror1
3313;assets.towers.LightningSense
540;assets.projectile.Glaive
3269;assets.towers.WhiteHotTacks
733;assets.towers.SummonWhirlwind
2266;assets.PlayUI.MortarReload
6175;assets.effects.LargeExplosionClip
4913;assets.sounds.Select
5881;assets.sound.LightningBoltApprentice
5879;assests.effects.BuccaneerHarpoonInitialBlast
2532;assets.upgrades.Fireball
3031;assests.effects.DartlingGunAura
2070;assets.PlayUI.FasterSpin
2725;assets.detailView.SharperDartsAce
3706;assets.towers.EnergyBeaconRadar
2230;assets.PlayUI.SuperRange
2069;assets.upgrades.SupplyDrop
962;assets.upgrades.RazorSharpDarts
3011;assets.towers.MoabShreder
3375;assets.towers.DragonsBreath
4040;assets.towerBtns.VillageTower
5847;assets.PlayUI.CuddlyBearClip
479;assets.PlayUI.WhiteHotTacks
5493;assets.bloons.BlastopopoulosProps
55;assets.premium.DoubleRanga
2040;assets.tower.HarpoonRight
1788;assets.upgrades.TripleDarts
4684;assets.cursor.Wrench
1108;assets.ability.ActivatedAbilityMonkeyEngineer
3652;assets.towers.MonkeyAce
4066;assets.sandbox.Sandbox_CamoRainbow
6022;assets.btdmodule.ui.RedHotSpikesTutorialPanelClip
2613;assests.effects.Bombtoweraura
5974;assets.sound.Rainstorm
151;assets.towers.CannonShipCannonsLeft
1060;assets.PlayUI.BombTower
6142;assets.effects.VortexPulseGraphic
2430;assets.detailView.SuperRange
224;assets.PlayUI.ADS
5984;assets.PlayUI.ActivatedAbilitySandStormClip
6126;assets.effects.SnowSpamClip
3510;assets.towers.SpikeBall
2190;assets.upgrades.BurnyStuff
2973;assets.projectile.MOAB
2304;assets.PlayUI.HydraRockets
4159;assets.btdmodule.ContestedTerritoryBriefingPanelClip
5346;assets.btdmodule.ui.AntiBossAbilityWeakenClip
5498;assets.bloons.BlueRegen
5113;assets.ability.CannotDoSymbol
5678;assets.bloons.GreenRegen
3610;assets.PlayUI.Buccaneer
864;assets.projectile.SpikeBall
3485;assets.detailView.Pineapple
6166;assets.effects.BlastBackCloudParticleClip
5136;InGameUI_fla_fla.checkbox_130
4675;assets.sounds.Sell
6093;assets.maps.sandstorm.AbilityDust1
2691;assets.PlayUI.FragBombs
6014;assets.btdmodule.MonkeyBoostHotSpikesPanelClip
2427;assets.upgrades.MonkeyBank
5343;bloonBeaconIconBossWeaken
5166;assets.tower.DartlingTarget
3084;assets.towers.NinjaDiscipline
43;assets.premium.DoubleHealth
3491;assets.detailView.FanClub
3385;assets.detailView.SpikeBallFactory
2829;assets.upgrades.MoreBananas
3521;assets.detailView.Battery
5328;InGameUI_fla_fla.cooldown_mc_10
619;assets.detailView.Whirlwind
5341;assets.btdmodule.ui.AntiBossAbilityChillClip
6055;assets.sounds.PowerBane
3627;assets.upgrades.IncreasedAccuracy
5574;assets.IceEffect
3639;assets.detailView.Sabotage
240;assets.upgrades.SanpFreeze
2435;assets.detailView.MOABShredder
3362;assets.projectile.ApprenticeBreath
4437;assets.ui.EventRewardsButtonMilestone
2133;assets.projectile.TerrorBlast
3144;assets.ability.ActivatedAbilityIceTower
106;assets.towers.Meerkat
4677;assets.gui.PopCash
4790;assets.projectile.GodGlueSplat
2942;assets.towers.EngineerSentry
3678;assets.upgrades.FlashBomb
2134;assets.PlayUI.ArcticWind
2321;assets.upgrades.MOABShredder
3441;assets.towers.GlaiveRicochet
757;assets.PlayUI.SignalFlare
1969;assets.towers.NightVision
2316;assets.detailView.TechTerror
4115;assets.sandbox.Sandbox_Red
6053;assets.sounds.PowerWeaken
6054;assets.sounds.PowerFreeze
4129;assets.sandbox.Sandbox_RegenRed
3950;assets.towerBtns.RoadSpikes
1196;assets.towers.MonkeyGodHead
2056;assets.detailView.FlashBombs
5670;assets.DissolverEffect
1378;assets.upgrades.CorrosiveGlue
2825;assets.projectile.Tornado
2796;assets.towers.BuccaneerFaster
5111;assets.module.useTactics_btn
3273;assets.PlayUI.FocusedFiring
4090;assets.sandbox.Sandbox_BFB
5206;assets.sounds.Upgrade
3345;assets.towers.MonkeyVillage
1578;assets.PlayUI.CallToArms
3921;assets.upgrades.BombTowerExtraRange
4908;assets.sounds.BossDeath
0;Main
